excel_row,raw_label,mapped_label,pred_mapped_label,pred_raw_label,nearest_negative_mapped_label,nearest_negative_raw_label,d_pos,d_neg,margin,correct
2,0,0,6,6,6,6,0.032267954,0.008011339,-0.0121283075,False
3,0,0,6,6,6,6,0.027102768,0.01678232,-0.0051602246,False
4,10,1,5,3,5,3,0.034900915,0.024860691,-0.005020112,False
5,0,0,6,6,6,6,0.038721688,0.016027877,-0.0113469055,False
6,0,0,5,3,5,3,0.04773186,0.02539191,-0.011169976,False
7,0,0,6,6,6,6,0.034730967,0.01404709,-0.010341939,False
8,0,0,5,3,5,3,0.051844865,0.023580866,-0.014132,False
9,10,1,6,6,6,6,0.013790672,0.011128517,-0.0013310774,False
10,0,0,0,0,1,10,0.019628271,0.035979103,0.008175416,True
11,0,0,0,0,1,10,0.017266097,0.028887725,0.005810814,True
12,10,1,5,3,5,3,0.037482005,0.02507149,-0.006205257,False
13,10,1,0,0,0,0,0.020828329,0.010058928,-0.0053847004,False
14,10,1,0,0,0,0,0.017695952,0.013509007,-0.0020934725,False
15,0,0,6,6,6,6,0.020211132,0.014378829,-0.0029161517,False
16,0,0,0,0,1,10,0.010008764,0.014364557,0.0021778964,True
17,0,0,6,6,6,6,0.026576918,0.012910255,-0.006833331,False
18,0,0,0,0,1,10,0.008778956,0.023624454,0.007422749,True
19,0,0,6,6,6,6,0.051214553,0.026617955,-0.012298299,False
20,0,0,0,0,1,10,0.009624753,0.022976331,0.006675789,True
21,10,1,6,6,6,6,0.017830707,0.015952125,-0.00093929097,False
22,0,0,5,3,5,3,0.068492986,0.013939228,-0.02727688,False
23,0,0,6,6,6,6,0.035907876,0.012878057,-0.01151491,False
24,0,0,6,6,6,6,0.033874236,0.0091670025,-0.012353617,False
25,0,0,5,3,5,3,0.056495894,0.021212902,-0.017641496,False
26,0,0,6,6,6,6,0.044786546,0.022849752,-0.010968397,False
27,10,1,5,3,5,3,0.053899016,0.017605681,-0.018146668,False
28,0,0,5,3,5,3,0.051587787,0.022759756,-0.014414015,False
29,0,0,6,6,6,6,0.051490873,0.026320662,-0.012585105,False
30,0,0,0,0,1,10,0.01787969,0.031440582,0.0067804465,True
31,0,0,5,3,5,3,0.05672724,0.021489458,-0.01761889,False
32,10,1,1,10,0,0,0.008744571,0.014545331,0.0029003797,True
33,10,1,6,6,6,6,0.024335278,0.017582146,-0.0033765659,False
34,0,0,0,0,1,10,0.008595118,0.019001616,0.005203249,True
35,0,0,5,3,5,3,0.054836474,0.020867484,-0.016984496,False
36,0,0,6,6,6,6,0.025465699,0.015337871,-0.0050639138,False
37,10,1,5,3,5,3,0.09193978,0.03988573,-0.026027024,False
38,10,1,6,6,6,6,0.01988575,0.008589247,-0.0056482516,False
39,0,0,5,3,5,3,0.08908781,0.02316022,-0.032963794,False
40,0,0,0,0,1,10,0.09097522,0.10828809,0.008656435,True
41,0,0,0,0,1,10,0.029649943,0.046954192,0.008652125,True
42,0,0,0,0,1,10,0.028049268,0.044676885,0.008313809,True
43,0,0,6,6,6,6,0.023464192,0.014370733,-0.0045467294,False
44,0,0,0,0,1,10,0.05257712,0.0682807,0.007851789,True
45,0,0,0,0,1,10,0.014073229,0.028010175,0.0069684726,True
46,0,0,0,0,1,10,0.0713832,0.088543005,0.008579902,True
47,0,0,0,0,1,10,0.02582883,0.041794,0.007982584,True
48,0,0,0,0,6,6,0.015389641,0.029735845,0.007173102,True
49,0,0,5,3,5,3,0.06281448,0.02582238,-0.018496051,False
50,0,0,6,6,6,6,0.03576946,0.016462902,-0.009653279,False
51,0,0,6,6,6,6,0.026375124,0.012778772,-0.006798176,False
52,0,0,0,0,1,10,0.06548319,0.08274918,0.008632995,True
53,0,0,5,3,5,3,0.11920745,0.05484636,-0.032180544,False
54,0,0,6,6,6,6,0.04457485,0.019735556,-0.012419647,False
55,0,0,6,6,6,6,0.03177762,0.016374778,-0.007701421,False
56,0,0,6,6,6,6,0.031247532,0.017109746,-0.007068893,False
57,0,0,5,3,5,3,0.09985658,0.03443058,-0.032713,False
58,0,0,5,3,5,3,0.07543741,0.015989298,-0.029724058,False
59,0,0,5,3,5,3,0.093708575,0.029921742,-0.031893417,False
60,0,0,0,0,1,10,0.009203588,0.02146742,0.006131916,True
61,0,0,0,0,1,10,0.015102416,0.016741045,0.0008193143,True
62,0,0,0,0,1,10,0.034924265,0.052515842,0.0087957885,True
63,0,0,0,0,1,10,0.031279642,0.047837786,0.008279072,True
64,0,0,0,0,1,10,0.031704392,0.04719594,0.0077457745,True
65,0,0,0,0,1,10,0.02552554,0.041535683,0.008005071,True
66,0,0,0,0,1,10,0.017653385,0.035472117,0.008909366,True
67,0,0,0,0,1,10,0.015211418,0.030313,0.007550791,True
68,0,0,0,0,1,10,0.07902619,0.096310824,0.008642316,True
69,0,0,6,6,6,6,0.04409931,0.022006242,-0.0110465335,False
70,0,0,0,0,1,10,0.02546362,0.041891564,0.008213972,True
71,0,0,6,6,6,6,0.044044115,0.02518389,-0.009430112,False
72,0,0,0,0,1,10,0.026163332,0.041838016,0.007837342,True
73,0,0,1,10,1,10,0.02805475,0.012456804,-0.007798973,False
74,0,0,1,10,1,10,0.021955611,0.014739408,-0.0036081015,False
75,0,0,1,10,1,10,0.01808156,0.0096353255,-0.0042231176,False
76,0,0,0,0,1,10,0.022266401,0.039594173,0.008663886,True
77,0,0,0,0,1,10,0.012402364,0.01373001,0.000663823,True
78,0,0,0,0,1,10,0.0342347,0.05152253,0.008643916,True
79,0,0,0,0,1,10,0.009584841,0.024232633,0.007323896,True
80,0,0,0,0,1,10,0.03250012,0.04940432,0.008452099,True
81,0,0,0,0,1,10,0.035347946,0.052419815,0.008535935,True
82,0,0,0,0,1,10,0.0140968645,0.017559318,0.0017312267,True
83,0,0,0,0,1,10,0.0135945985,0.028731821,0.0075686113,True
84,0,0,6,6,6,6,0.04269881,0.020868618,-0.010915097,False
85,0,0,1,10,1,10,0.018476965,0.012649559,-0.0029137027,False
86,0,0,5,3,5,3,0.061909743,0.017236125,-0.022336809,False
87,0,0,6,6,6,6,0.022048349,0.0073019257,-0.0073732114,False
88,0,0,0,0,1,10,0.014633187,0.018134598,0.0017507053,True
89,0,0,0,0,1,10,0.014372522,0.031768896,0.008698187,True
90,0,0,6,6,6,6,0.02598902,0.009650697,-0.008169161,False
91,0,0,6,6,6,6,0.016677028,0.015361009,-0.0006580092,False
92,0,0,6,6,6,6,0.026106842,0.01627228,-0.0049172807,False
93,0,0,6,6,6,6,0.046702042,0.023091232,-0.011805405,False
94,0,0,5,3,5,3,0.07625644,0.015964882,-0.03014578,False
95,0,0,6,6,6,6,0.0216066,0.0073259105,-0.007140345,False
96,4,4,4,4,2,8,0.016646506,0.072796404,0.02807495,True
97,4,4,4,4,2,8,0.036665548,0.04407812,0.0037062857,True
98,8,2,4,4,4,4,0.1375719,0.09296817,-0.022301864,False
99,8,2,4,4,4,4,0.10585259,0.0441753,-0.030838644,False
100,8,2,4,4,4,4,0.049961284,0.04671988,-0.0016207024,False
101,8,2,4,4,4,4,0.26194635,0.20158139,-0.03018248,False
102,8,2,4,4,4,4,0.22891435,0.16894461,-0.029984869,False
103,8,2,4,4,4,4,0.16930363,0.112048976,-0.028627325,False
104,8,2,2,8,4,4,0.04546566,0.04739456,0.0009644497,True
105,8,2,2,8,4,4,0.031775758,0.091588065,0.029906154,True
106,8,2,2,8,4,4,0.18976091,0.2538468,0.032042943,True
107,1,7,5,3,5,3,0.12925512,0.07387605,-0.027689531,False
108,8,2,2,8,4,4,0.035984594,0.037131708,0.00057355687,True
109,8,2,4,4,4,4,0.05612216,0.025196932,-0.015462615,False
110,8,2,2,8,4,4,0.02989424,0.060588416,0.015347088,True
111,8,2,2,8,4,4,0.13280185,0.19951417,0.03335616,True
112,4,4,4,4,2,8,0.08930331,0.13663733,0.023667011,True
113,8,2,2,8,4,4,0.2785086,0.34112555,0.031308472,True
114,8,2,2,8,4,4,0.20792338,0.26998058,0.031028599,True
115,8,2,2,8,4,4,0.3692639,0.43280315,0.031769633,True
116,8,2,2,8,4,4,0.22105795,0.2840641,0.03150308,True
117,8,2,2,8,4,4,0.1859127,0.2493594,0.03172335,True
118,8,2,2,8,4,4,0.27532238,0.3353226,0.030000106,True
119,8,2,2,8,4,4,0.020502875,0.06692486,0.023210995,True
120,9,3,7,1,7,1,0.2871121,0.11793336,-0.08458936,False
121,9,3,7,1,7,1,0.27950722,0.11181043,-0.083848394,False
122,8,2,4,4,4,4,0.27883297,0.22070229,-0.02906534,False
123,8,2,4,4,4,4,0.19797795,0.13908723,-0.029445358,False
124,8,2,2,8,4,4,0.22749771,0.2854213,0.0289618,True
125,8,2,4,4,4,4,0.060431138,0.038212303,-0.011109417,False
126,1,7,5,3,5,3,0.18703096,0.07555846,-0.055736247,False
127,9,3,2,8,2,8,0.7126338,0.1333597,-0.28963703,False
128,8,2,2,8,4,4,0.007796681,0.06676911,0.029486213,True
129,8,2,4,4,4,4,0.10764559,0.055867575,-0.02588901,False
130,9,3,0,0,0,0,0.4796089,0.040350348,-0.21962927,False
131,9,3,5,3,5,3,0.4114379,0.034066048,-0.18868592,False
132,9,3,0,0,0,0,0.5329421,0.078245275,-0.22734842,False
133,8,2,2,8,4,4,0.06950875,0.13436948,0.032430362,True
135,8,2,2,8,4,4,0.10368945,0.16522451,0.03076753,True
136,1,7,1,10,1,10,0.22893505,0.04291371,-0.09301067,False
137,8,2,4,4,4,4,0.12649284,0.069085635,-0.028703604,False
138,8,2,4,4,4,4,0.066096365,0.021241555,-0.022427406,False
139,8,2,2,8,4,4,0.22843054,0.2924033,0.031986386,True
140,8,2,4,4,4,4,0.05586486,0.027697591,-0.014083634,False
142,3,5,1,10,1,10,0.056955617,0.05290763,-0.002023993,False
143,8,2,2,8,4,4,0.21344009,0.2688024,0.027681157,True
144,8,2,4,4,4,4,0.24607833,0.18627797,-0.029900178,False
145,8,2,2,8,4,4,0.0404762,0.040827066,0.00017543323,True
146,1,7,1,10,1,10,0.27003548,0.23486483,-0.017585322,False
147,8,2,2,8,4,4,0.18877126,0.25188637,0.031557553,True
148,8,2,2,8,4,4,0.0376411,0.07724405,0.019801475,True
149,8,2,4,4,4,4,0.055528853,0.027329803,-0.014099525,False
150,9,3,2,8,2,8,0.80090326,0.22154588,-0.2896787,False
151,8,2,2,8,4,4,0.031646404,0.099459894,0.033906743,True
152,9,3,2,8,2,8,0.7727373,0.19471942,-0.28900895,False
153,8,2,2,8,4,4,0.27882585,0.34159744,0.031385794,True
154,8,2,2,8,4,4,0.26797387,0.3314389,0.031732515,True
155,8,2,2,8,4,4,0.27415586,0.3359536,0.030898869,True
156,8,2,4,4,4,4,0.04274564,0.032432515,-0.0051565617,False
157,8,2,4,4,4,4,0.09457556,0.04236222,-0.02610667,False
158,0,0,0,0,1,10,0.13328509,0.14967677,0.00819584,True
159,0,0,0,0,1,10,0.07460062,0.09110647,0.008252922,True
160,0,0,0,0,1,10,0.13726293,0.1533569,0.008046985,True
161,0,0,0,0,1,10,0.09319683,0.109807886,0.008305527,True
162,0,0,0,0,1,10,0.14958821,0.16543752,0.007924654,True
163,0,0,0,0,1,10,0.09174758,0.10830698,0.0082797,True
164,0,0,0,0,1,10,0.123206474,0.13872115,0.0077573396,True
165,0,0,0,0,1,10,0.08371043,0.09974052,0.008015044,True
166,0,0,0,0,1,10,0.17032509,0.18656473,0.008119822,True
167,0,0,0,0,1,10,0.08632484,0.10241931,0.008047234,True
168,0,0,0,0,1,10,0.18107794,0.19747439,0.008198224,True
169,0,0,0,0,1,10,0.1339772,0.1506773,0.0083500445,True
170,0,0,0,0,1,10,0.17287983,0.18895714,0.008038655,True
171,0,0,0,0,1,10,0.06828661,0.08451388,0.008113634,True
172,0,0,0,0,1,10,0.16347645,0.17956923,0.008046389,True
173,0,0,0,0,1,10,0.1178038,0.13445674,0.008326471,True
174,0,0,0,0,1,10,0.17861637,0.19468467,0.008034147,True
175,0,0,0,0,1,10,0.10012145,0.11625106,0.008064803,True
176,0,0,0,0,1,10,0.17365031,0.18962465,0.007987171,True
177,0,0,0,0,1,10,0.08463215,0.10077714,0.008072495,True
178,0,0,0,0,1,10,0.18152775,0.19773068,0.008101463,True
179,0,0,0,0,1,10,0.08531812,0.10077128,0.00772658,True
180,0,0,0,0,1,10,0.1568498,0.17270812,0.007929161,True
181,0,0,0,0,1,10,0.08323165,0.098581865,0.0076751076,True
182,0,0,0,0,1,10,0.17252901,0.1882802,0.0078755915,True
184,4,4,4,4,2,8,0.14312787,0.20607366,0.03147289,True
185,4,4,2,8,2,8,0.08828641,0.04568289,-0.02130176,False
186,4,4,4,4,2,8,0.21963868,0.28200838,0.031184852,True
187,0,0,0,0,1,10,0.05419609,0.06753378,0.006668847,True
188,0,0,0,0,1,10,0.1638353,0.17961793,0.007891312,True
189,0,0,0,0,1,10,0.12395979,0.14043519,0.008237701,True
190,0,0,0,0,1,10,0.1931081,0.20910099,0.007996447,True
191,0,0,0,0,1,10,0.11800734,0.13402095,0.008006807,True
192,0,0,0,0,1,10,0.19758005,0.21341576,0.007917851,True
193,0,0,0,0,1,10,0.09724484,0.11258525,0.007670205,True
194,8,2,2,8,4,4,0.19473425,0.25365004,0.029457897,True
195,6,6,0,0,0,0,0.046364866,0.030935135,-0.0077148657,False
196,8,2,2,8,4,4,0.028212307,0.096526735,0.034157213,True
197,8,2,2,8,4,4,0.1393602,0.2050445,0.032842144,True
198,8,2,4,4,4,4,0.14207889,0.09085087,-0.025614012,False
199,0,0,0,0,1,10,0.13532276,0.15148075,0.008078992,True
200,0,0,0,0,1,10,0.043830406,0.06060363,0.008386612,True
201,0,0,0,0,1,10,0.13505003,0.15110525,0.008027613,True
202,0,0,0,0,1,10,0.05571054,0.07291292,0.008601189,True
203,0,0,0,0,1,10,0.12338626,0.13928197,0.007947858,True
204,0,0,0,0,1,10,0.04866214,0.06477125,0.008054554,True
205,0,0,0,0,1,10,0.13905753,0.15567063,0.008306548,True
206,0,0,0,0,1,10,0.051693983,0.06877248,0.008539248,True
207,0,0,0,0,1,10,0.09436425,0.10977668,0.0077062175,True
208,0,0,0,0,1,10,0.039247055,0.054880183,0.007816564,True
209,0,0,0,0,1,10,0.121854365,0.13810681,0.008126222,True
210,0,0,0,0,1,10,0.08160265,0.09880718,0.008602265,True
211,0,0,0,0,1,10,0.15765178,0.17407125,0.008209735,True
212,0,0,0,0,1,10,0.06921759,0.08584297,0.008312687,True
213,0,0,0,0,1,10,0.13928275,0.15534869,0.00803297,True
214,0,0,0,0,1,10,0.066269115,0.08373364,0.008732263,True
215,0,0,0,0,1,10,0.1284555,0.14424957,0.007897034,True
216,0,0,0,0,1,10,0.07744894,0.09458215,0.008566603,True
217,4,4,4,4,2,8,0.18824734,0.24764594,0.029699303,True
218,0,0,0,0,1,10,0.07450218,0.0912546,0.008376211,True
220,3,5,0,0,0,0,0.08326763,0.018818816,-0.032224406,False
221,0,0,0,0,1,10,0.015328946,0.029899273,0.0072851637,True
222,0,0,0,0,1,10,0.08764385,0.10419974,0.008277945,True
223,4,4,3,9,3,9,0.26738524,0.26735425,-1.5497208e-05,False
224,0,0,0,0,1,10,0.08848056,0.10551539,0.008517414,True
225,0,0,0,0,6,6,0.013388353,0.01727025,0.0019409484,True
226,0,0,0,0,1,10,0.05734514,0.072522655,0.007588757,True
227,0,0,0,0,1,10,0.036684047,0.053418748,0.00836735,True
228,0,0,0,0,1,10,0.08177964,0.09816638,0.00819337,True
229,0,0,0,0,1,10,0.04153419,0.05870103,0.008583421,True
230,0,0,0,0,1,10,0.10233229,0.11881063,0.008239172,True
231,0,0,0,0,1,10,0.045332745,0.06265137,0.008659314,True
233,0,0,0,0,1,10,0.013627592,0.027013967,0.0066931876,True
234,0,0,0,0,1,10,0.13109145,0.14795943,0.00843399,True
235,0,0,0,0,1,10,0.01053416,0.021988355,0.0057270974,True
236,0,0,0,0,1,10,0.11553465,0.13197581,0.008220583,True
237,0,0,0,0,1,10,0.020495506,0.037452843,0.0084786685,True
238,0,0,0,0,1,10,0.103178106,0.119335294,0.008078594,True
239,0,0,0,0,1,10,0.03810512,0.05494951,0.008422196,True
240,0,0,0,0,1,10,0.09796116,0.11427734,0.008158091,True
241,0,0,0,0,1,10,0.072691046,0.090259366,0.00878416,True
242,0,0,0,0,1,10,0.12085065,0.13743888,0.008294113,True
243,0,0,0,0,1,10,0.012415418,0.019776301,0.0036804415,True
244,0,0,0,0,1,10,0.12557846,0.14194666,0.008184098,True
245,0,0,0,0,1,10,0.030309161,0.046816625,0.008253732,True
246,0,0,0,0,1,10,0.11811839,0.13461196,0.008246787,True
247,0,0,0,0,1,10,0.0134332385,0.024796693,0.005681727,True
248,0,0,0,0,1,10,0.1033735,0.119492054,0.008059278,True
249,0,0,0,0,1,10,0.04210396,0.05942793,0.008661984,True
250,0,0,0,0,1,10,0.13937213,0.15612216,0.008375019,True
251,0,0,0,0,1,10,0.03579356,0.05276662,0.00848653,True
252,0,0,0,0,1,10,0.11031413,0.12699564,0.008340754,True
253,0,0,0,0,1,10,0.035913244,0.053282127,0.008684441,True
254,0,0,0,0,1,10,0.10881823,0.12520531,0.008193538,True
255,0,0,0,0,1,10,0.028936524,0.046002198,0.008532837,True
256,0,0,0,0,1,10,0.123750515,0.13989344,0.008071464,True
257,0,0,0,0,1,10,0.06372927,0.08118463,0.008727681,True
258,0,0,0,0,1,10,0.11155187,0.12762512,0.008036625,True
259,0,0,0,0,1,10,0.03399154,0.050836608,0.008422533,True
260,0,0,0,0,1,10,0.1109282,0.12762861,0.008350205,True
261,0,0,0,0,1,10,0.030657437,0.046974305,0.008158434,True
262,0,0,0,0,1,10,0.14178415,0.15845273,0.008334294,True
263,0,0,0,0,1,10,0.06625814,0.083485685,0.008613773,True
264,0,0,0,0,1,10,0.10873557,0.12473785,0.008001141,True
265,0,0,0,0,1,10,0.089917146,0.107181914,0.008632384,True
266,0,0,0,0,1,10,0.14083843,0.15723158,0.008196577,True
267,0,0,0,0,1,10,0.03372627,0.050665837,0.008469783,True
268,0,0,0,0,1,10,0.13093029,0.14743951,0.00825461,True
269,0,0,0,0,1,10,0.017383032,0.03070729,0.0066621294,True
270,0,0,0,0,1,10,0.13398306,0.15042904,0.00822299,True
271,0,0,0,0,1,10,0.030204214,0.045556065,0.0076759253,True
272,0,0,0,0,1,10,0.08745425,0.103147544,0.007846646,True
273,0,0,0,0,1,10,0.0410009,0.058202907,0.008601004,True
274,0,0,0,0,1,10,0.10512259,0.12179017,0.008333791,True
275,0,0,0,0,1,10,0.06275436,0.08040251,0.008824073,True
276,0,0,0,0,1,10,0.12964469,0.14615178,0.008253545,True
277,0,0,0,0,1,10,0.02145202,0.037474573,0.008011276,True
278,0,0,0,0,1,10,0.10272565,0.11900312,0.008138735,True
279,0,0,0,0,1,10,0.082120486,0.09921867,0.0085490905,True
280,0,0,0,0,1,10,0.110530466,0.12695727,0.008213401,True
281,0,0,0,0,1,10,0.035049863,0.051900595,0.008425366,True
282,0,0,0,0,1,10,0.119317725,0.13544886,0.008065566,True
283,0,0,0,0,1,10,0.023151593,0.039068375,0.007958391,True
284,0,0,0,0,1,10,0.13309498,0.14940488,0.008154951,True
285,0,0,0,0,1,10,0.08461395,0.101696804,0.008541428,True
286,0,0,0,0,1,10,0.122927405,0.1390555,0.00806405,True
287,0,0,0,0,1,10,0.086914346,0.10386109,0.008473374,True
288,0,0,0,0,1,10,0.123445146,0.14008132,0.008318085,True
289,0,0,0,0,1,10,0.085488975,0.10226085,0.008385938,True
290,0,0,0,0,1,10,0.12741508,0.14349753,0.008041225,True
291,0,0,0,0,1,10,0.050268006,0.06678493,0.008258464,True
292,0,0,0,0,1,10,0.13076864,0.14711538,0.008173369,True
293,0,0,0,0,1,10,0.04701,0.06408472,0.008537361,True
294,0,0,0,0,1,10,0.13464627,0.15077206,0.008062899,True
295,0,0,0,0,1,10,0.05569366,0.072332494,0.008319417,True
296,0,0,0,0,1,10,0.15150541,0.16779709,0.008145839,True
297,0,0,0,0,1,10,0.090451464,0.10741446,0.008481499,True
298,0,0,0,0,1,10,0.16529414,0.18188703,0.008296445,True
299,0,0,0,0,1,10,0.043774664,0.060740717,0.008483026,True
300,0,0,0,0,1,10,0.13685879,0.15323386,0.008187532,True
301,0,0,0,0,1,10,0.052573584,0.068741485,0.008083951,True
302,0,0,0,0,1,10,0.13001016,0.1457966,0.00789322,True
303,0,0,0,0,1,10,0.096109346,0.11338761,0.008639131,True
304,0,0,0,0,1,10,0.14486781,0.1613899,0.008261047,True
305,0,0,0,0,1,10,0.03651088,0.053000033,0.008244576,True
306,0,0,0,0,1,10,0.12080795,0.13761285,0.008402448,True
307,0,0,0,0,1,10,0.04373157,0.059408482,0.007838456,True
308,0,0,0,0,1,10,0.124360085,0.14046685,0.008053385,True
309,0,0,0,0,1,10,0.06156591,0.0782072,0.008320646,True
310,0,0,0,0,1,10,0.1295532,0.14591931,0.008183055,True
311,0,0,0,0,1,10,0.09839419,0.11517833,0.0083920695,True
312,0,0,0,0,1,10,0.12636815,0.14271381,0.008172832,True
313,0,0,0,0,1,10,0.04995873,0.06669548,0.008368377,True
314,0,0,0,0,1,10,0.12006362,0.13584022,0.007888302,True
315,0,0,0,0,1,10,0.11839425,0.13486733,0.008236539,True
316,0,0,0,0,1,10,0.11236394,0.12830159,0.007968824,True
317,0,0,0,0,1,10,0.098130375,0.1147299,0.008299764,True
318,0,0,0,0,1,10,0.12359925,0.1394186,0.007909674,True
319,0,0,0,0,1,10,0.08921646,0.10582969,0.008306615,True
320,0,0,0,0,1,10,0.12396494,0.1398445,0.007939782,True
321,0,0,0,0,1,10,0.098324284,0.11505079,0.008363254,True
322,0,0,0,0,1,10,0.15223494,0.16856942,0.008167237,True
323,0,0,0,0,1,10,0.064661086,0.08030205,0.007820483,True
324,0,0,0,0,1,10,0.15438023,0.17059322,0.008106492,True
325,0,0,0,0,1,10,0.084631935,0.101677366,0.008522715,True
326,0,0,0,0,1,10,0.15031116,0.1668915,0.008290172,True
327,0,0,0,0,1,10,0.057263155,0.07254514,0.007640993,True
328,0,0,0,0,1,10,0.13492171,0.15089639,0.007987335,True
329,0,0,0,0,1,10,0.07237345,0.088786244,0.008206397,True
330,0,0,0,0,1,10,0.04125655,0.05818223,0.008462839,True
331,8,2,4,4,4,4,0.15055044,0.088959396,-0.030795522,False
332,8,2,4,4,4,4,0.10902033,0.045750912,-0.03163471,False
333,8,2,4,4,4,4,0.04595408,0.029054124,-0.008449977,False
334,8,2,4,4,4,4,0.108630285,0.055631686,-0.0264993,False
335,4,4,2,8,2,8,0.14017515,0.08588932,-0.027142916,False
336,8,2,2,8,4,4,0.04304994,0.09989268,0.028421372,True
337,8,2,2,8,4,4,0.3779175,0.4363689,0.029225707,True
338,8,2,2,8,4,4,0.10087788,0.16620097,0.032661542,True
340,8,2,2,8,4,4,0.14154097,0.19625185,0.02735544,True
341,8,2,4,4,4,4,0.14460033,0.08788566,-0.028357334,False
342,8,2,2,8,4,4,0.5821527,0.64165616,0.029751718,True
343,8,2,2,8,4,4,0.81198347,0.8711922,0.029604375,True
344,8,2,2,8,4,4,0.5458359,0.6063632,0.030263633,True
345,9,3,4,4,4,4,0.5519931,0.033761956,-0.25911555,False
346,8,2,4,4,4,4,0.1469982,0.08482087,-0.031088665,False
347,8,2,4,4,4,4,0.062288526,0.035494138,-0.013397194,False
348,8,2,2,8,4,4,0.3425495,0.40295753,0.030204013,True
349,8,2,2,8,4,4,0.21882325,0.28135473,0.031265736,True
350,0,0,5,3,5,3,0.06696991,0.013119512,-0.026925199,False
351,0,0,5,3,5,3,0.058870826,0.017473524,-0.020698652,False
352,0,0,5,3,5,3,0.08610814,0.023193877,-0.031457134,False
353,0,0,5,3,5,3,0.06888791,0.012411463,-0.028238224,False
354,0,0,6,6,6,6,0.029764535,0.008289798,-0.010737369,False
355,0,0,6,6,6,6,0.042490613,0.019659828,-0.011415392,False
356,0,0,6,6,6,6,0.050781634,0.02562424,-0.012578697,False
357,0,0,5,3,5,3,0.062772825,0.013942232,-0.024415296,False
358,0,0,6,6,6,6,0.05017395,0.025322208,-0.012425871,False
359,0,0,0,0,6,6,0.0129851885,0.01820472,0.002609766,True
360,0,0,0,0,6,6,0.018836962,0.020903932,0.0010334849,True
361,0,0,0,0,6,6,0.016269313,0.029810848,0.0067707673,True
362,0,0,6,6,6,6,0.03231234,0.010709186,-0.010801578,False
363,0,0,1,10,1,10,0.022240143,0.013782279,-0.0042289323,False
364,0,0,6,6,6,6,0.040081646,0.01878092,-0.010650363,False
365,0,0,6,6,6,6,0.03146166,0.012407029,-0.009527315,False
366,0,0,6,6,6,6,0.028855175,0.0111298775,-0.008862648,False
367,0,0,1,10,1,10,0.01215801,0.010987172,-0.0005854191,False
368,0,0,0,0,1,10,0.027800016,0.045541488,0.008870736,True
369,0,0,6,6,6,6,0.02670503,0.0075181588,-0.009593436,False
370,0,0,0,0,6,6,0.022944637,0.035449944,0.006252654,True
371,0,0,5,3,5,3,0.0780067,0.016464496,-0.030771103,False
372,0,0,5,3,5,3,0.13167912,0.06209382,-0.034792647,False
374,4,4,2,8,2,8,0.13650815,0.075153664,-0.030677244,False
376,0,0,5,3,5,3,0.14294454,0.073476434,-0.034734055,False
377,0,0,5,3,5,3,0.10397819,0.035225466,-0.03437636,False
378,0,0,5,3,5,3,0.111690775,0.043038327,-0.034326226,False
379,0,0,5,3,5,3,0.064370684,0.01739633,-0.023487177,False
380,0,0,5,3,5,3,0.13061209,0.06113473,-0.034738682,False
381,0,0,5,3,5,3,0.08093887,0.017404946,-0.031766962,False
382,0,0,5,3,5,3,0.116672754,0.04744214,-0.034615308,False
383,0,0,5,3,5,3,0.12915875,0.06012723,-0.03451576,False
384,0,0,5,3,5,3,0.123445146,0.054195244,-0.03462495,False
385,0,0,5,3,5,3,0.14836009,0.07866312,-0.034848485,False
386,0,0,6,6,6,6,0.050624814,0.025718402,-0.012453206,False
387,0,0,5,3,5,3,0.13408312,0.0647276,-0.034677763,False
388,0,0,5,3,5,3,0.07366971,0.015693475,-0.028988117,False
389,0,0,5,3,5,3,0.12353365,0.054715116,-0.03440927,False
390,0,0,6,6,6,6,0.045018315,0.021564363,-0.011726976,False
391,8,2,2,8,4,4,0.42531604,0.48639145,0.03053771,True
393,3,5,5,3,6,6,0.056407347,0.1028521,0.023222376,True
394,8,2,2,8,4,4,0.069905356,0.12651266,0.028303653,True
395,8,2,2,8,4,4,0.17928198,0.24456668,0.03264235,True
396,8,2,4,4,4,4,0.14950526,0.08316467,-0.033170294,False
397,0,0,6,6,6,6,0.033715475,0.016684067,-0.008515704,False
398,0,0,2,8,2,8,1.2892659,0.24913669,-0.5200646,False
399,0,0,0,0,1,10,0.011502296,0.016003836,0.00225077,True
400,0,0,2,8,2,8,1.177326,0.13797529,-0.5196753,False
401,0,0,0,0,1,10,0.017380018,0.033445984,0.008032983,True
402,0,0,6,6,6,6,0.04417974,0.024094166,-0.0100427875,False
403,0,0,0,0,1,10,0.048585627,0.06552446,0.008469416,True
404,0,0,0,0,6,6,0.016142713,0.024394382,0.0041258344,True
405,0,0,0,0,1,10,0.010184666,0.013873345,0.0018443395,True
406,10,1,6,6,6,6,0.017592985,0.013743693,-0.0019246461,False
407,10,1,1,10,6,6,0.013821341,0.016707769,0.0014432138,True
408,0,0,6,6,6,6,0.029996885,0.0131152505,-0.008440817,False
409,0,0,0,0,1,10,0.029543646,0.04644897,0.008452661,True
410,0,0,6,6,6,6,0.026943685,0.012344807,-0.007299439,False
411,0,0,0,0,1,10,0.02372397,0.041152176,0.008714103,True
412,0,0,0,0,1,10,0.008225732,0.020978335,0.006376302,True
413,0,0,0,0,1,10,0.017043598,0.03412899,0.008542696,True
414,10,1,5,3,5,3,0.06306423,0.016237233,-0.0234135,False
415,0,0,6,6,6,6,0.035622325,0.017146273,-0.009238026,False
416,0,0,6,6,6,6,0.040948104,0.017174497,-0.011886803,False
417,0,0,0,0,1,10,0.038203187,0.056019526,0.008908169,True
418,0,0,6,6,6,6,0.031022942,0.009653594,-0.010684674,False
419,0,0,0,0,6,6,0.019067947,0.024956446,0.0029442497,True
420,0,0,5,3,5,3,0.058485057,0.02118112,-0.01865197,False
421,0,0,6,6,6,6,0.032787975,0.012341878,-0.010223048,False
422,10,1,5,3,5,3,0.035062324,0.02264027,-0.0062110275,False
423,0,0,0,0,1,10,0.012141537,0.027506644,0.0076825535,True
424,10,1,6,6,6,6,0.023205237,0.017404178,-0.0029005297,False
425,0,0,1,10,1,10,0.015505667,0.011304621,-0.002100523,False
426,0,0,0,0,1,10,0.013516605,0.030996406,0.008739901,True
427,0,0,0,0,1,10,0.005331009,0.020836262,0.007752626,True
428,0,0,6,6,6,6,0.040897436,0.018777894,-0.011059771,False
429,0,0,1,10,1,10,0.01419284,0.013053732,-0.00056955405,False
430,0,0,6,6,6,6,0.047605574,0.025808917,-0.010898328,False
431,0,0,0,0,1,10,0.015465054,0.03073862,0.007636783,True
432,0,0,6,6,6,6,0.040053595,0.020295033,-0.009879281,False
433,0,0,0,0,1,10,0.04808478,0.06558223,0.008748725,True
434,0,0,6,6,6,6,0.02425019,0.009114661,-0.0075677647,False
435,0,0,5,3,5,3,0.08217322,0.018036408,-0.032068405,False
436,0,0,6,6,6,6,0.047409,0.024108771,-0.011650115,False
437,0,0,6,6,6,6,0.039969094,0.020602586,-0.009683254,False
438,0,0,6,6,6,6,0.047126632,0.024025146,-0.011550743,False
439,0,0,6,6,6,6,0.02179496,0.010550228,-0.005622366,False
440,0,0,5,3,5,3,0.05867663,0.017473347,-0.020601641,False
441,0,0,1,10,1,10,0.021635061,0.009347003,-0.006144029,False
442,0,0,0,0,1,10,0.013254408,0.016028464,0.001387028,True
443,0,0,0,0,1,10,0.01419931,0.03192398,0.008862335,True
444,0,0,6,6,6,6,0.028956724,0.00970396,-0.009626382,False
445,0,0,0,0,1,10,0.025396178,0.042913705,0.008758764,True
446,10,1,6,6,6,6,0.017748622,0.010951373,-0.0033986247,False
447,0,0,0,0,1,10,0.012293741,0.023882272,0.0057942653,True
448,10,1,6,6,6,6,0.012624029,0.011935666,-0.00034418143,False
449,0,0,1,10,1,10,0.015962085,0.007448541,-0.004256772,False
450,0,0,5,3,5,3,0.058924045,0.017900737,-0.020511653,False
451,8,2,2,8,4,4,0.08294565,0.1421051,0.029579725,True
452,8,2,2,8,4,4,0.14605835,0.20834851,0.03114508,True
453,8,2,4,4,4,4,0.12654106,0.06412638,-0.031207342,False
454,8,2,2,8,4,4,0.03054438,0.06562354,0.01753958,True
456,8,2,2,8,4,4,0.038596574,0.03950446,0.0004539434,True
457,8,2,3,9,3,9,0.39705864,0.18725038,-0.10490413,False
458,4,4,4,4,2,8,0.067202866,0.124986716,0.028891925,True
459,8,2,3,9,3,9,0.32324892,0.25881532,-0.032216802,False
460,8,2,4,4,4,4,0.10978069,0.052391425,-0.028694633,False
461,8,2,2,8,4,4,0.012027921,0.07511201,0.031542044,True
462,8,2,4,4,4,4,0.088355094,0.023540447,-0.032407325,False
463,8,2,2,8,4,4,0.032830317,0.04154714,0.004358411,True
464,8,2,2,8,4,4,0.06794488,0.12940687,0.030730996,True
465,9,3,2,8,2,8,1.0467978,0.467066,-0.28986588,False
466,9,3,2,8,2,8,0.7813704,0.20190711,-0.28973165,False
467,8,2,4,4,4,4,0.053962115,0.046430938,-0.0037655886,False
468,8,2,4,4,4,4,0.113144726,0.06336559,-0.024889566,False
469,8,2,2,8,4,4,0.12136485,0.1842143,0.031424724,True
470,8,2,2,8,4,4,0.06719332,0.123826854,0.028316766,True
471,8,2,2,8,4,4,0.28687984,0.34963083,0.031375498,True
472,8,2,2,8,4,4,0.26957023,0.33364674,0.032038257,True
473,8,2,2,8,4,4,0.013358914,0.06705742,0.026849255,True
474,8,2,2,8,4,4,0.024712171,0.0596485,0.017468164,True
475,8,2,2,8,4,4,0.2481874,0.31076327,0.03128794,True
476,8,2,2,8,4,4,0.159791,0.21893887,0.02957394,True
477,8,2,2,8,4,4,0.092803285,0.15466332,0.03093002,True
478,8,2,2,8,4,4,0.15127398,0.21439572,0.031560868,True
479,9,3,0,0,0,0,0.562924,0.108203284,-0.22736037,False
480,8,2,2,8,4,4,0.5539417,0.6145259,0.030292094,True
481,8,2,2,8,4,4,0.045327064,0.092112914,0.023392925,True
482,8,2,4,4,4,4,0.07648907,0.042342845,-0.017073112,False
483,1,7,7,1,5,3,0.03531274,0.1848145,0.07475088,True
484,8,2,2,8,4,4,0.121948265,0.18333621,0.030693974,True
485,4,4,2,8,2,8,0.10563423,0.04322441,-0.03120491,False
487,8,2,2,8,4,4,0.1237533,0.18788713,0.032066915,True
488,9,3,0,0,0,0,0.65885526,0.19996792,-0.22944367,False
489,9,3,2,8,2,8,0.9687054,0.38898823,-0.28985858,False
491,8,2,2,8,4,4,0.15645152,0.21579403,0.029671252,True
492,8,2,2,8,4,4,0.030771077,0.09676164,0.03299528,True
493,0,0,5,3,5,3,0.07422166,0.0146652525,-0.029778205,False
494,0,0,0,0,1,10,0.02095128,0.03758607,0.008317395,True
495,0,0,5,3,5,3,0.08764038,0.02225772,-0.03269133,False
496,0,0,6,6,6,6,0.024375726,0.0126576815,-0.005859022,False
497,0,0,6,6,6,6,0.024466718,0.007787726,-0.008339496,False
498,0,0,6,6,6,6,0.045307033,0.022082381,-0.011612326,False
499,0,0,0,0,6,6,0.016910598,0.017732013,0.00041070767,True
500,0,0,6,6,6,6,0.04003634,0.018828012,-0.010604164,False
501,0,0,0,0,1,10,0.02872152,0.04589194,0.00858521,True
502,0,0,6,6,6,6,0.023759503,0.015210958,-0.0042742724,False
503,0,0,0,0,6,6,0.016548604,0.026285863,0.0048686294,True
504,0,0,6,6,6,6,0.020129457,0.010666301,-0.0047315783,False
505,0,0,5,3,5,3,0.06847364,0.013907266,-0.027283186,False
506,0,0,0,0,1,10,0.013676951,0.022949353,0.004636201,True
507,0,0,6,6,6,6,0.029446691,0.009274087,-0.010086302,False
508,0,0,0,0,1,10,0.036640257,0.053628102,0.008493923,True
509,0,0,6,6,6,6,0.020877479,0.017598864,-0.0016393075,False
510,0,0,1,10,1,10,0.017506933,0.011933301,-0.002786816,False
511,0,0,0,0,1,10,0.013037936,0.021980068,0.004471066,True
512,0,0,0,0,1,10,0.011058021,0.02533834,0.0071401596,True
513,0,0,0,0,6,6,0.016530767,0.017800612,0.00063492265,True
514,0,0,0,0,1,10,0.032197878,0.04944932,0.008625722,True
515,0,0,6,6,6,6,0.03761441,0.013601339,-0.012006534,False
516,4,4,4,4,2,8,0.082362205,0.1481866,0.032912195,True
517,0,0,0,0,1,10,0.057307735,0.074881405,0.008786835,True
518,8,2,2,8,4,4,0.23649342,0.29690653,0.030206554,True
519,0,0,0,0,1,10,0.008117193,0.02326784,0.007575323,True
520,9,3,2,8,2,8,0.61404413,0.036573887,-0.28873512,False
521,0,0,0,0,1,10,0.057997417,0.07443587,0.008219225,True
522,0,0,0,0,1,10,0.06222513,0.07833652,0.008055696,True
523,0,0,0,0,1,10,0.028909057,0.04240821,0.006749576,True
524,0,0,0,0,1,10,0.07550276,0.09177759,0.008137416,True
525,0,0,0,0,1,10,0.04106389,0.056610752,0.007773431,True
526,0,0,0,0,1,10,0.049795143,0.06420789,0.007206373,True
527,0,0,0,0,1,10,0.06325347,0.07939713,0.008071829,True
528,0,0,0,0,1,10,0.067008935,0.082349226,0.0076701455,True
529,0,0,0,0,1,10,0.036042735,0.05323164,0.008594453,True
530,0,0,0,0,1,10,0.027839111,0.04115727,0.0066590803,True
531,0,0,0,0,1,10,0.019185323,0.034128364,0.0074715205,True
532,0,0,0,0,1,10,0.032473195,0.046289034,0.0069079194,True
533,0,0,0,0,1,10,0.060766198,0.07818992,0.00871186,True
534,0,0,0,0,1,10,0.024821682,0.040124025,0.0076511716,True
535,0,0,0,0,1,10,0.015563895,0.017415542,0.0009258236,True
536,0,0,0,0,1,10,0.015563895,0.017415542,0.0009258236,True
537,0,0,0,0,1,10,0.06710021,0.08341789,0.00815884,True
538,0,0,0,0,1,10,0.09555109,0.112365365,0.008407138,True
539,0,0,0,0,1,10,0.0107778115,0.016415501,0.0028188447,True
540,0,0,0,0,1,10,0.045521475,0.061805103,0.008141814,True
541,0,0,0,0,1,10,0.027607756,0.04277122,0.0075817322,True
542,0,0,0,0,1,10,0.044756938,0.060826235,0.008034648,True
543,0,0,0,0,1,10,0.07710284,0.09399098,0.008444071,True
544,0,0,0,0,1,10,0.056081317,0.07174797,0.007833328,True
545,0,0,0,0,1,10,0.06220672,0.07935836,0.008575821,True
546,0,0,0,0,1,10,0.06141982,0.07735228,0.00796623,True
547,0,0,0,0,1,10,0.036256753,0.05254928,0.008146264,True
548,0,0,0,0,1,10,0.061202597,0.077975936,0.00838667,True
549,0,0,0,0,1,10,0.040572777,0.05718581,0.008306516,True
550,0,0,0,0,1,10,0.040992085,0.056425925,0.00771692,True
551,0,0,0,0,1,10,0.036846206,0.05269558,0.007924687,True
552,0,0,0,0,1,10,0.045618225,0.06101098,0.007696377,True
553,0,0,0,0,1,10,0.045543186,0.062931016,0.008693915,True
554,0,0,0,0,1,10,0.017010963,0.027917834,0.0054534357,True
555,0,0,0,0,1,10,0.011339935,0.024303263,0.0064816643,True
556,0,0,0,0,1,10,0.038341872,0.05322775,0.007442938,True
557,0,0,0,0,1,10,0.023492621,0.039845318,0.008176348,True
558,0,0,0,0,1,10,0.04425096,0.060484853,0.008116946,True
559,0,0,0,0,1,10,0.013681124,0.028869804,0.00759434,True
560,0,0,0,0,1,10,0.049829476,0.06632849,0.008249506,True
561,0,0,0,0,1,10,0.038252912,0.05555529,0.0086511895,True
562,0,0,0,0,1,10,0.0503343,0.066771865,0.008218782,True
563,0,0,0,0,1,10,0.048950855,0.0658221,0.008435624,True
564,0,0,0,0,1,10,0.03586901,0.05088595,0.0075084697,True
565,0,0,0,0,1,10,0.009096497,0.013650564,0.0022770334,True
566,0,0,0,0,1,10,0.020937057,0.036100645,0.0075817937,True
567,0,0,0,0,1,10,0.046691056,0.064108655,0.008708799,True
568,0,0,0,0,1,10,0.03412539,0.04950825,0.00769143,True
569,0,0,1,10,1,10,0.014560952,0.012596268,-0.0009823418,False
570,0,0,0,0,1,10,0.0505827,0.06571943,0.007568367,True
571,0,0,0,0,1,10,0.03591129,0.053144317,0.008616513,True
572,0,0,0,0,1,10,0.05940685,0.075811304,0.008202227,True
573,0,0,0,0,1,10,0.018562913,0.03498904,0.008213064,True
574,0,0,0,0,1,10,0.03855837,0.053926703,0.0076841656,True
575,0,0,0,0,1,10,0.09258523,0.10975921,0.008586992,True
576,0,0,0,0,1,10,0.047577806,0.062407587,0.0074148905,True
577,0,0,0,0,1,10,0.050599687,0.06678125,0.008090783,True
578,0,0,0,0,1,10,0.06979105,0.08647204,0.008340497,True
579,0,0,0,0,1,10,0.018690763,0.0356245,0.008466869,True
580,0,0,0,0,1,10,0.07725303,0.09381696,0.008281965,True
581,0,0,1,10,1,10,0.019325461,0.0069766887,-0.0061743865,False
582,0,0,0,0,1,10,0.052474197,0.0689526,0.0082392,True
583,0,0,0,0,1,10,0.029402321,0.046910867,0.008754273,True
584,0,0,0,0,1,10,0.03824333,0.054161128,0.007958898,True
585,0,0,0,0,1,10,0.05081835,0.06845594,0.008818796,True
586,0,0,0,0,1,10,0.04394204,0.059047326,0.0075526424,True
587,0,0,0,0,1,10,0.044695396,0.06138878,0.008346692,True
588,0,0,0,0,1,10,0.03577872,0.050097637,0.0071594585,True
589,0,0,0,0,1,10,0.009711788,0.025561353,0.007924782,True
590,0,0,0,0,1,10,0.03159299,0.04555335,0.006980179,True
591,0,0,0,0,1,10,0.021120897,0.036647115,0.007763109,True
592,0,0,0,0,1,10,0.04423637,0.059704963,0.007734297,True
593,0,0,5,3,5,3,0.05177236,0.024775181,-0.013498589,False
594,0,0,0,0,1,10,0.018109871,0.032876004,0.007383066,True
595,0,0,6,6,6,6,0.027659036,0.009655243,-0.009001897,False
596,0,0,0,0,1,10,0.016563455,0.031031892,0.0072342185,True
597,0,0,5,3,5,3,0.04961092,0.027098587,-0.011256167,False
598,0,0,0,0,1,10,0.018435113,0.029382486,0.0054736864,True
599,0,0,1,10,1,10,0.015227866,0.014286923,-0.00047047157,False
600,0,0,0,0,1,10,0.0076115243,0.022170031,0.0072792536,True
601,0,0,6,6,6,6,0.0421093,0.020851728,-0.010628786,False
602,0,0,0,0,1,10,0.008659067,0.019158607,0.0052497704,True
603,0,0,6,6,6,6,0.046196487,0.023603722,-0.011296382,False
604,0,0,0,0,1,10,0.025847578,0.042355433,0.008253927,True
605,0,0,6,6,6,6,0.04591459,0.022591697,-0.011661447,False
606,0,0,0,0,1,10,0.0147975655,0.026521448,0.0058619413,True
607,10,1,6,6,6,6,0.019063538,0.011891772,-0.003585883,False
608,0,0,6,6,6,6,0.03602276,0.017443694,-0.009289533,False
609,0,0,5,3,5,3,0.06489801,0.012631859,-0.026133073,False
610,10,1,0,0,0,0,0.021585062,0.01150677,-0.005039146,False
611,0,0,6,6,6,6,0.02752132,0.008102064,-0.009709628,False
612,0,0,0,0,1,10,0.022052346,0.03688159,0.0074146213,True
613,0,0,6,6,6,6,0.032916874,0.0150645785,-0.008926148,False
614,0,0,0,0,1,10,0.038013615,0.053945404,0.007965894,True
615,0,0,5,3,5,3,0.05819307,0.020742916,-0.018725077,False
616,0,0,0,0,1,10,0.019481793,0.033422954,0.0069705807,True
617,0,0,6,6,6,6,0.018430911,0.014083082,-0.0021739146,False
618,0,0,0,0,1,10,0.020924073,0.036696568,0.007886248,True
619,0,0,6,6,6,6,0.04487373,0.023629291,-0.010622219,False
620,0,0,0,0,1,10,0.01390356,0.016080335,0.0010883873,True
621,0,0,6,6,6,6,0.033701845,0.010838654,-0.011431595,False
622,0,0,0,0,1,10,0.04371623,0.060977057,0.008630414,True
623,0,0,0,0,1,10,0.015771946,0.03274649,0.008487272,True
624,0,0,1,10,1,10,0.024630502,0.010415466,-0.007107518,False
625,0,0,6,6,6,6,0.026322879,0.00976348,-0.0082797,False
626,0,0,0,0,1,10,0.014958002,0.02430026,0.0046711294,True
627,0,0,6,6,6,6,0.033536468,0.012824461,-0.010356003,False
628,0,0,0,0,1,10,0.014861184,0.02428365,0.0047112326,True
629,0,0,6,6,6,6,0.040229194,0.017213518,-0.011507838,False
630,0,0,0,0,1,10,0.0426507,0.059183862,0.008266581,True
631,0,0,0,0,6,6,0.016853675,0.025126059,0.0041361917,True
632,0,0,0,0,1,10,0.02459282,0.041746672,0.008576926,True
633,0,0,6,6,6,6,0.019183861,0.010790253,-0.004196804,False
634,0,0,0,0,1,10,0.062013946,0.07879271,0.008389384,True
635,0,0,6,6,6,6,0.039980013,0.01842115,-0.010779431,False
636,0,0,0,0,1,10,0.021837452,0.03734061,0.0077515794,True
637,0,0,6,6,6,6,0.020784916,0.014929202,-0.002927857,False
638,10,1,1,10,0,0,0.011878258,0.01708358,0.002602661,True
639,0,0,6,6,6,6,0.03822325,0.015532201,-0.011345525,False
640,0,0,0,0,1,10,0.013818287,0.029319463,0.007750588,True
641,0,0,6,6,6,6,0.0363828,0.01563071,-0.0103760455,False
642,0,0,0,0,1,10,0.023679322,0.0393508,0.007835739,True
643,0,0,0,0,1,10,0.013362497,0.016290123,0.0014638128,True
644,0,0,0,0,1,10,0.019793749,0.03404571,0.007125981,True
645,0,0,0,0,1,10,0.029930532,0.047455166,0.008762317,True
646,0,0,0,0,1,10,0.07506978,0.089867525,0.0073988736,True
647,0,0,0,0,1,10,0.010273507,0.018270114,0.003998304,True
648,0,0,5,3,5,3,0.078177474,0.013661037,-0.03225822,False
649,4,4,2,8,2,8,0.062871076,0.015025374,-0.023922851,False
650,4,4,4,4,2,8,0.07436174,0.1430171,0.03432768,True
651,4,4,4,4,2,8,0.09781623,0.15824327,0.03021352,True
652,0,0,1,10,1,10,0.026240602,0.01125299,-0.007493806,False
653,0,0,0,0,1,10,0.012703515,0.028123109,0.007709797,True
654,0,0,6,6,6,6,0.024562841,0.009667943,-0.007447449,False
655,0,0,0,0,1,10,0.0151553,0.030952597,0.007898649,True
656,0,0,6,6,6,6,0.030088907,0.012958638,-0.008565134,False
657,10,1,0,0,0,0,0.039703637,0.024498748,-0.007602445,False
658,0,0,6,6,6,6,0.030995669,0.012039657,-0.0094780065,False
659,0,0,0,0,1,10,0.013277847,0.014322602,0.00052237744,True
660,0,0,6,6,6,6,0.045864116,0.022026775,-0.0119186705,False
661,8,2,2,8,4,4,0.09061507,0.14997327,0.029679101,True
662,8,2,4,4,4,4,0.11034329,0.06022951,-0.025056891,False
663,10,1,1,10,6,6,0.029175647,0.029383006,0.000103679486,True
664,8,2,4,4,4,4,0.15704213,0.10166045,-0.027690839,False
665,0,0,1,10,1,10,0.025999477,0.014730203,-0.005634637,False
666,0,0,0,0,1,10,0.06392696,0.08079512,0.00843408,True
667,3,5,5,3,6,6,0.009952595,0.053370375,0.02170889,True
668,3,5,1,10,1,10,0.05106428,0.013437968,-0.018813156,False
669,3,5,5,3,6,6,0.014095549,0.035472263,0.010688357,True
670,3,5,5,3,6,6,0.01824188,0.058062434,0.019910276,True
671,3,5,5,3,6,6,0.0070078075,0.04693328,0.019962735,True
672,8,2,4,4,4,4,0.22076194,0.16247095,-0.029145494,False
674,4,4,2,8,2,8,0.08034519,0.056291465,-0.012026863,False
675,0,0,5,3,5,3,0.053169824,0.018972447,-0.017098688,False
676,4,4,4,4,2,8,0.025677493,0.053710636,0.014016571,True
677,8,2,6,6,6,6,0.99543244,0.023232695,-0.48609987,False
678,0,0,0,0,1,10,0.03625681,0.05333869,0.008540941,True
679,0,0,1,10,1,10,0.021899743,0.006735784,-0.0075819795,False
680,0,0,0,0,1,10,0.01911239,0.031965572,0.0064265914,True
681,0,0,1,10,1,10,0.016560357,0.0056779115,-0.005441223,False
682,10,1,1,10,0,0,0.014055514,0.019217065,0.0025807754,True
683,0,0,1,10,1,10,0.032377098,0.014711837,-0.00883263,False
684,0,0,0,0,1,10,0.020617213,0.03538753,0.007385159,True
685,0,0,1,10,1,10,0.018070227,0.009057127,-0.00450655,False
686,0,0,0,0,1,10,0.021998081,0.036523208,0.0072625633,True
687,0,0,0,0,1,10,0.022713006,0.04005455,0.0086707715,True
688,10,1,1,10,6,6,0.016922621,0.03092929,0.0070033344,True
689,0,0,0,0,1,10,0.04373261,0.061450355,0.008858873,True
691,0,0,1,10,1,10,0.016489862,0.0057750926,-0.0053573847,False
692,0,0,0,0,1,10,0.04324441,0.05962247,0.00818903,True
693,0,0,1,10,1,10,0.020476514,0.012521666,-0.0039774245,False
694,0,0,0,0,1,10,0.068176724,0.08471244,0.008267857,True
695,0,0,1,10,1,10,0.02495843,0.009987061,-0.0074856845,False
696,0,0,0,0,1,10,0.050611243,0.06655562,0.007972188,True
697,0,0,1,10,1,10,0.029621977,0.013688781,-0.0079665985,False
698,0,0,0,0,1,10,0.036634363,0.05234057,0.007853104,True
699,10,1,6,6,6,6,0.012810093,0.01225744,-0.00027632667,False
700,10,1,1,10,6,6,0.011298649,0.023524052,0.0061127013,True
701,0,0,1,10,1,10,0.019193944,0.008462337,-0.0053658034,False
702,0,0,0,0,1,10,0.008393178,0.021019908,0.006313365,True
703,0,0,1,10,1,10,0.03201726,0.014411076,-0.008803092,False
704,0,0,0,0,1,10,0.056568243,0.07387503,0.008653395,True
705,0,0,1,10,1,10,0.01563326,0.013051823,-0.001290719,False
706,0,0,0,0,1,10,0.030489,0.046552654,0.008031827,True
707,0,0,5,3,5,3,0.056897663,0.01921726,-0.018840201,False
708,0,0,1,10,1,10,0.041414764,0.024426272,-0.008494246,False
709,0,0,6,6,6,6,0.032254998,0.010861234,-0.010696882,False
710,0,0,6,6,6,6,0.040308367,0.023247281,-0.008530543,False
711,0,0,6,6,6,6,0.043336514,0.020449338,-0.011443588,False
712,0,0,0,0,1,10,0.009124401,0.016521923,0.003698761,True
713,0,0,6,6,6,6,0.03354453,0.012390753,-0.010576888,False
714,0,0,0,0,1,10,0.011538694,0.024993228,0.006727267,True
715,0,0,6,6,6,6,0.023891022,0.012096355,-0.005897334,False
716,0,0,0,0,1,10,0.021806799,0.03712098,0.00765709,True
717,0,0,0,0,1,10,0.018829823,0.036712486,0.008941332,True
718,10,1,0,0,0,0,0.013147043,0.012781306,-0.00018286845,False
719,0,0,1,10,1,10,0.013998879,0.013374579,-0.00031215,False
720,0,0,0,0,1,10,0.031746026,0.048752457,0.008503215,True
721,0,0,0,0,1,10,0.0109340735,0.021336727,0.0052013267,True
722,0,0,1,10,1,10,0.023311093,0.010124625,-0.0065932344,False
723,0,0,6,6,6,6,0.021848176,0.0094561605,-0.0061960076,False
724,0,0,0,0,1,10,0.041721314,0.058038156,0.008158421,True
725,0,0,6,6,6,6,0.030161448,0.012004402,-0.009078523,False
726,0,0,0,0,1,10,0.008783733,0.020891411,0.0060538393,True
727,0,0,5,3,5,3,0.0647964,0.012945766,-0.02592532,False
728,0,0,1,10,1,10,0.017597418,0.0068807746,-0.0053583216,False
729,0,0,6,6,6,6,0.01680182,0.012372782,-0.0022145184,False
730,0,0,0,0,1,10,0.006608593,0.019127334,0.0062593706,True
731,0,0,6,6,6,6,0.017958263,0.012211373,-0.002873445,False
732,0,0,0,0,1,10,0.020704426,0.037452336,0.008373955,True
733,10,1,5,3,5,3,0.04054756,0.020913169,-0.009817196,False
734,0,0,0,0,1,10,0.03261052,0.04981729,0.008603385,True
735,0,0,6,6,6,6,0.032679744,0.011616615,-0.010531565,False
736,0,0,1,10,1,10,0.027961431,0.011657345,-0.008152043,False
737,0,0,6,6,6,6,0.039217494,0.01700588,-0.0111058075,False
738,0,0,1,10,1,10,0.017699238,0.007684234,-0.0050075017,False
739,0,0,5,3,5,3,0.0492673,0.024309885,-0.012478707,False
740,10,1,6,6,6,6,0.023685113,0.021310102,-0.0011875052,False
741,0,0,6,6,6,6,0.03169183,0.01626166,-0.0077150855,False
742,10,1,1,10,6,6,0.012679126,0.01849665,0.0029087616,True
743,0,0,5,3,5,3,0.05650202,0.020908007,-0.017797008,False
744,0,0,1,10,1,10,0.01737105,0.0064308736,-0.0054700878,False
745,0,0,6,6,6,6,0.025815975,0.009852087,-0.007981944,False
746,0,0,0,0,1,10,0.036896143,0.053624146,0.008364001,True
747,0,0,5,3,5,3,0.0570401,0.019438704,-0.018800698,False
748,0,0,0,0,1,10,0.024607755,0.040011343,0.0077017937,True
749,0,0,5,3,5,3,0.058425266,0.015187997,-0.021618634,False
750,0,0,0,0,1,10,0.0077447663,0.023956086,0.00810566,True
751,0,0,5,3,5,3,0.06257878,0.016236713,-0.023171034,False
752,0,0,1,10,1,10,0.030994555,0.013941493,-0.008526531,False
753,10,1,5,3,5,3,0.04017511,0.018940013,-0.010617549,False
754,0,0,0,0,1,10,0.035258092,0.052811097,0.008776503,True
755,0,0,5,3,5,3,0.055512827,0.017439008,-0.01903691,False
756,0,0,0,0,1,10,0.011672119,0.023956524,0.0061422028,True
757,0,0,5,3,5,3,0.05673922,0.017951703,-0.019393757,False
758,0,0,0,0,1,10,0.01257275,0.02753808,0.0074826647,True
759,0,0,0,0,1,10,0.013620864,0.022976382,0.004677759,True
760,0,0,0,0,1,10,0.028152134,0.04552803,0.008687947,True
761,0,0,6,6,6,6,0.04771434,0.02330679,-0.012203775,False
762,0,0,0,0,1,10,0.011200603,0.02751636,0.008157878,True
763,0,0,6,6,6,6,0.043021377,0.01969317,-0.011664104,False
764,0,0,0,0,1,10,0.01567087,0.03176973,0.00804943,True
765,0,0,6,6,6,6,0.03241535,0.013126124,-0.009644613,False
766,0,0,1,10,1,10,0.023633733,0.011434604,-0.0060995645,False
767,0,0,5,3,5,3,0.05327725,0.02123368,-0.016021784,False
768,0,0,0,0,1,10,0.013637309,0.026250347,0.0063065193,True
769,0,0,5,3,5,3,0.05771558,0.01760756,-0.020054009,False
770,0,0,1,10,1,10,0.024976159,0.008872014,-0.0080520725,False
771,0,0,0,0,1,10,0.01370987,0.02953191,0.007911019,True
772,0,0,1,10,1,10,0.013014642,0.009154451,-0.0019300953,False
773,0,0,6,6,6,6,0.03333428,0.010154705,-0.011589788,False
774,0,0,1,10,1,10,0.021295846,0.011789688,-0.004753079,False
775,10,1,6,6,6,6,0.029452095,0.022074822,-0.0036886362,False
776,10,1,1,10,6,6,0.012305352,0.018958775,0.0033267117,True
777,10,1,5,3,5,3,0.04053648,0.020457515,-0.010039481,False
778,0,0,0,0,1,10,0.014707126,0.03102483,0.008158852,True
779,10,1,5,3,5,3,0.08706894,0.034687456,-0.026190741,False
780,0,0,5,3,5,3,0.06477369,0.02449024,-0.020141728,False
781,0,0,5,3,5,3,0.14438832,0.07646501,-0.033961654,False
782,10,1,5,3,5,3,0.12318982,0.06991812,-0.026635852,False
783,0,0,5,3,5,3,0.09087101,0.025446413,-0.0327123,False
784,0,0,5,3,5,3,0.12349787,0.054766208,-0.034365833,False
785,0,0,5,3,5,3,0.05352282,0.022572448,-0.0154751865,False
786,0,0,5,3,5,3,0.081416614,0.019766575,-0.030825019,False
787,10,1,6,6,6,6,0.037278607,0.023935055,-0.006671776,False
788,10,1,5,3,5,3,0.121367045,0.06840055,-0.026483249,False
789,0,0,6,6,6,6,0.044045202,0.01993084,-0.012057181,False
790,0,0,5,3,5,3,0.06509352,0.023095824,-0.020998847,False
791,0,0,6,6,6,6,0.030772783,0.012962258,-0.008905262,False
792,0,0,5,3,5,3,0.11856547,0.05019554,-0.034184963,False
793,10,1,6,6,6,6,0.03438565,0.023593593,-0.005396029,False
794,10,1,5,3,5,3,0.056502074,0.015379274,-0.0205614,False
795,0,0,5,3,5,3,0.062042322,0.027271366,-0.017385479,False
796,0,0,5,3,5,3,0.07523784,0.027118929,-0.024059456,False
797,0,0,0,0,1,10,0.010984728,0.024665432,0.006840352,True
798,0,0,5,3,5,3,0.09617863,0.030617923,-0.032780353,False
799,0,0,6,6,6,6,0.055302683,0.03139707,-0.011952806,False
800,0,0,5,3,5,3,0.077041015,0.020166302,-0.028437357,False
801,10,1,6,6,6,6,0.016866194,0.0077672247,-0.0045494847,False
802,0,0,5,3,5,3,0.05918695,0.021957092,-0.01861493,False
803,0,0,0,0,1,10,0.010421692,0.023783399,0.006680853,True
804,0,0,5,3,5,3,0.0771858,0.017008869,-0.030088466,False
805,0,0,0,0,1,10,0.011551267,0.020899758,0.0046742456,True
806,0,0,6,6,6,6,0.053059038,0.028457802,-0.012300618,False
807,0,0,6,6,6,6,0.036586728,0.014826644,-0.010880042,False
808,0,0,5,3,5,3,0.060606956,0.02968764,-0.015459659,False
809,0,0,6,6,6,6,0.0211663,0.008206248,-0.006480026,False
810,0,0,5,3,5,3,0.07611542,0.02416537,-0.025975026,False
811,0,0,0,0,1,10,0.013742155,0.025853053,0.0060554487,True
812,0,0,5,3,5,3,0.051897407,0.027052874,-0.012422266,False
813,6,6,6,6,1,10,0.02094127,0.026439095,0.0027489122,True
814,4,4,2,8,2,8,0.048383866,0.028035467,-0.010174199,False
815,6,6,5,3,5,3,0.042921662,0.0154143125,-0.013753675,False
816,6,6,6,6,1,10,0.010146992,0.016444152,0.00314858,True
817,3,5,5,3,7,1,0.08220902,0.10915681,0.013473894,True
818,4,4,2,8,2,8,0.053053714,0.039326947,-0.0068633836,False
819,6,6,0,0,0,0,0.03493169,0.017270891,-0.008830399,False
820,3,5,5,3,6,6,0.043615792,0.089627646,0.023005927,True
821,4,4,4,4,3,9,0.2497189,0.27354202,0.011911556,True
823,3,5,5,3,6,6,0.050780736,0.09636439,0.022791825,True
825,10,1,0,0,0,0,0.021959003,0.011408547,-0.005275228,False
826,6,6,0,0,0,0,0.04170337,0.017782805,-0.011960282,False
827,3,5,5,3,6,6,0.035512883,0.08167404,0.023080578,True
829,0,0,5,3,5,3,0.09073393,0.022255732,-0.0342391,False
830,4,4,3,9,3,9,0.2990481,0.22386257,-0.03759276,False
831,10,1,0,0,0,0,0.043825217,0.027210485,-0.008307366,False
832,0,0,5,3,5,3,0.052542597,0.023516105,-0.014513246,False
833,10,1,0,0,0,0,0.048425984,0.03146487,-0.008480556,False
834,8,2,2,8,4,4,0.31459835,0.3745258,0.029963717,True
835,8,2,2,8,4,4,0.025094802,0.050805897,0.0128555475,True
836,3,5,5,3,6,6,0.06788271,0.11429604,0.023206666,True
837,8,2,2,8,4,4,0.27609712,0.33541158,0.02965723,True
838,8,2,4,4,4,4,0.102605134,0.045515914,-0.02854461,False
839,4,4,4,4,2,8,0.022445245,0.08994332,0.033749036,True
840,4,4,2,8,2,8,0.102345765,0.05212213,-0.025111817,False
841,3,5,0,0,0,0,0.082122505,0.016413625,-0.032854438,False
842,3,5,5,3,6,6,0.017839305,0.062549144,0.02235492,True
843,0,0,0,0,1,10,0.04576843,0.061584946,0.007908259,True
844,0,0,0,0,1,10,0.013222641,0.03032036,0.0085488595,True
845,10,1,0,0,0,0,0.032661866,0.0201728,-0.0062445328,False
846,0,0,5,3,5,3,0.04956589,0.02369482,-0.012935534,False
847,0,0,0,0,1,10,0.06952851,0.08586021,0.0081658475,True
848,0,0,6,6,6,6,0.034502074,0.014124884,-0.010188594,False
849,10,1,0,0,0,0,0.06930836,0.053126607,-0.008090878,False
850,10,1,6,6,6,6,0.029004639,0.02589992,-0.0015523592,False
851,0,0,0,0,1,10,0.049636792,0.06612963,0.00824642,True
852,10,1,5,3,5,3,0.04438677,0.018239224,-0.013073773,False
853,10,1,0,0,0,0,0.062136903,0.0473062,-0.0074153524,False
854,10,1,5,3,5,3,0.076973766,0.02674548,-0.025114143,False
855,0,0,0,0,1,10,0.057902,0.07417171,0.008134853,True
856,0,0,5,3,5,3,0.049570605,0.024778891,-0.012395857,False
857,10,1,0,0,0,0,0.04580305,0.032345496,-0.0067287777,False
858,10,1,5,3,5,3,0.048106838,0.01796041,-0.015073214,False
859,0,0,0,0,1,10,0.05525686,0.07210859,0.008425865,True
860,10,1,0,0,0,0,0.025856983,0.0096704215,-0.008093281,False
861,0,0,0,0,1,10,0.031934954,0.047717255,0.00789115,True
862,0,0,5,3,5,3,0.05415479,0.020286916,-0.016933937,False
863,10,1,0,0,0,0,0.049738437,0.03465718,-0.0075406283,False
864,0,0,5,3,5,3,0.07461015,0.014659185,-0.029975483,False
865,10,1,0,0,0,0,0.05335699,0.03842568,-0.007465655,False
866,0,0,5,3,5,3,0.05153271,0.021728631,-0.01490204,False
867,0,0,0,0,1,10,0.027783602,0.04494926,0.008582829,True
868,0,0,6,6,6,6,0.039924268,0.01743789,-0.011243189,False
869,0,0,1,10,1,10,0.013047977,0.010919106,-0.0010644356,False
870,0,0,6,6,6,6,0.02893796,0.018371023,-0.0052834684,False
871,10,1,0,0,0,0,0.040890258,0.025932372,-0.007478943,False
872,0,0,5,3,5,3,0.05117707,0.022442663,-0.014367203,False
873,0,0,0,0,1,10,0.05127154,0.068338156,0.008533308,True
874,0,0,6,6,6,6,0.026264103,0.0075597567,-0.009352174,False
875,0,0,0,0,1,10,0.04773686,0.06453015,0.008396644,True
876,10,1,5,3,5,3,0.05264162,0.012687697,-0.01997696,False
877,10,1,0,0,0,0,0.050536275,0.0350162,-0.0077600367,False
878,0,0,6,6,6,6,0.04227864,0.01805348,-0.01211258,False
879,10,1,0,0,0,0,0.04304503,0.027779518,-0.0076327557,False
880,10,1,6,6,6,6,0.023909898,0.01796076,-0.0029745689,False
881,10,1,0,0,0,0,0.05491369,0.03926321,-0.007825239,False
882,0,0,6,6,6,6,0.05144906,0.026699644,-0.012374708,False
883,0,0,0,0,1,10,0.069057085,0.08612357,0.008533243,True
884,0,0,0,0,6,6,0.013804842,0.024110181,0.0051526697,True
885,0,0,0,0,1,10,0.06582501,0.08312978,0.008652385,True
886,10,1,6,6,6,6,0.033592302,0.02787671,-0.002857796,False
887,10,1,0,0,0,0,0.012773353,0.012023833,-0.00037476,False
888,0,0,6,6,6,6,0.032824323,0.01497177,-0.008926276,False
889,0,0,0,0,1,10,0.064341895,0.08144258,0.008550342,True
890,10,1,5,3,5,3,0.044123806,0.019105423,-0.012509191,False
891,0,0,0,0,1,10,0.050369967,0.0670657,0.008347867,True
892,0,0,5,3,5,3,0.052751396,0.023045877,-0.014852759,False
893,0,0,0,0,1,10,0.03342375,0.050503034,0.008539641,True
894,0,0,5,3,5,3,0.053073056,0.02254723,-0.015262913,False
895,0,0,0,0,1,10,0.052366044,0.06964267,0.008638313,True
896,0,0,5,3,5,3,0.0763769,0.01661472,-0.02988109,False
897,0,0,0,0,1,10,0.049797554,0.06635029,0.008276368,True
898,0,0,6,6,6,6,0.04772315,0.023160677,-0.012281237,False
899,0,0,0,0,1,10,0.055975895,0.07284928,0.008436693,True
900,10,1,5,3,5,3,0.058663037,0.014135029,-0.022264004,False
901,0,0,0,0,1,10,0.054841164,0.07185388,0.0085063595,True
902,0,0,6,6,6,6,0.024985053,0.012824161,-0.006080446,False
903,0,0,0,0,1,10,0.038755286,0.05498964,0.008117177,True
904,0,0,1,10,1,10,0.020189112,0.013745749,-0.0032216813,False
905,0,0,0,0,1,10,0.033976484,0.051049247,0.008536382,True
906,0,0,6,6,6,6,0.028506486,0.011412164,-0.008547161,False
907,0,0,0,0,1,10,0.056428295,0.07375429,0.008662997,True
908,0,0,6,6,6,6,0.022479678,0.0102428235,-0.006118427,False
909,0,0,0,0,1,10,0.049575005,0.06668391,0.008554453,True
910,0,0,0,0,6,6,0.018411322,0.023448454,0.0025185663,True
911,10,1,0,0,0,0,0.015586312,0.011341293,-0.0021225093,False
912,10,1,5,3,5,3,0.055754498,0.014170932,-0.020791784,False
913,0,0,0,0,1,10,0.04863198,0.06553166,0.008449841,True
914,0,0,5,3,5,3,0.05662863,0.020129267,-0.018249681,False
915,10,1,0,0,0,0,0.05144988,0.03571118,-0.00786935,False
916,10,1,5,3,5,3,0.06699516,0.021787383,-0.022603888,False
917,0,0,1,10,1,10,0.016085532,0.011835657,-0.0021249373,False
918,0,0,5,3,5,3,0.059237435,0.015831508,-0.021702964,False
919,0,0,0,0,1,10,0.05315775,0.07005235,0.008447299,True
920,10,1,5,3,5,3,0.061878357,0.016431013,-0.022723671,False
921,10,1,0,0,0,0,0.057146173,0.040553737,-0.008296218,False
922,0,0,6,6,6,6,0.03231055,0.012024738,-0.010142906,False
923,0,0,0,0,1,10,0.042477917,0.05911505,0.008318566,True
924,0,0,0,0,6,6,0.01880069,0.0189616,8.045416e-05,True
925,0,0,0,0,1,10,0.07397368,0.0912419,0.008634113,True
926,10,1,5,3,5,3,0.057761837,0.013207144,-0.022277346,False
927,0,0,0,0,1,10,0.058677632,0.07541609,0.008369228,True
928,0,0,1,10,1,10,0.018900389,0.013737099,-0.0025816448,False
929,10,1,0,0,0,0,0.043934073,0.027398665,-0.008267704,False
930,0,0,5,3,5,3,0.07702728,0.016564807,-0.030231237,False
931,0,0,0,0,1,10,0.023865547,0.03951434,0.007824397,True
932,0,0,0,0,1,10,0.014934187,0.021643464,0.0033546383,True
933,0,0,0,0,1,10,0.047617465,0.06448716,0.008434847,True
934,10,1,5,3,5,3,0.054395325,0.014079738,-0.020157794,False
935,10,1,0,0,0,0,0.05789428,0.041614357,-0.0081399605,False
936,0,0,5,3,5,3,0.04986433,0.023924,-0.012970164,False
937,0,0,0,0,1,10,0.022677777,0.038595665,0.007958944,True
938,10,1,5,3,5,3,0.04169308,0.018562611,-0.0115652345,False
939,10,1,0,0,0,0,0.059255656,0.04330146,-0.007977098,False
940,0,0,6,6,6,6,0.04919976,0.0260792,-0.01156028,False
941,0,0,0,0,1,10,0.024845941,0.040972207,0.008063133,True
942,0,0,6,6,6,6,0.016936084,0.015800463,-0.0005678106,False
943,10,1,0,0,0,0,0.03900657,0.024310628,-0.0073479703,False
944,0,0,5,3,5,3,0.048438746,0.024349013,-0.012044867,False
945,0,0,0,0,1,10,0.051587753,0.06901552,0.008713882,True
946,0,0,5,3,5,3,0.059352126,0.015391842,-0.021980142,False
947,0,0,0,0,1,10,0.045712005,0.061833266,0.00806063,True
948,0,0,5,3,5,3,0.07667641,0.01734296,-0.029666726,False
949,0,0,0,0,1,10,0.03996188,0.056862995,0.008450558,True
950,0,0,6,6,6,6,0.03723276,0.015089761,-0.011071499,False
951,0,0,0,0,1,10,0.07068659,0.088002525,0.008657966,True
952,0,0,6,6,6,6,0.021463927,0.010608972,-0.0054274774,False
953,0,0,0,0,1,10,0.027600678,0.042469814,0.0074345684,True
954,0,0,5,3,5,3,0.06921271,0.015205075,-0.02700382,False
955,0,0,0,0,1,10,0.053067382,0.07020133,0.008566974,True
956,0,0,6,6,6,6,0.030084008,0.015742915,-0.007170547,False
957,0,0,0,0,1,10,0.061265502,0.078360274,0.008547386,True
958,0,0,5,3,5,3,0.056368463,0.018161125,-0.019103669,False
959,0,0,0,0,1,10,0.015163144,0.024029475,0.0044331653,True
960,0,0,6,6,6,6,0.03538598,0.014271464,-0.0105572585,False
961,0,0,0,0,1,10,0.0395808,0.05642294,0.008421071,True
962,10,1,6,6,6,6,0.019626778,0.01532662,-0.0021500788,False
963,10,1,0,0,0,0,0.06007082,0.043311562,-0.008379629,False
964,10,1,5,3,5,3,0.072329625,0.023747304,-0.024291161,False
965,0,0,0,0,1,10,0.0077958866,0.015530109,0.0038671114,True
966,10,1,5,3,5,3,0.066498004,0.018857453,-0.023820275,False
967,10,1,0,0,0,0,0.052585367,0.036446437,-0.008069465,False
968,0,0,5,3,5,3,0.05109499,0.021522399,-0.014786296,False
969,0,0,0,0,1,10,0.009541893,0.022583187,0.0065206466,True
970,0,0,6,6,6,6,0.029233241,0.010564125,-0.009334559,False
971,0,0,5,3,5,3,0.05701748,0.019668456,-0.018674511,False
972,0,0,6,6,6,6,0.045489125,0.021551644,-0.01196874,False
973,10,1,5,3,5,3,0.06967082,0.019545125,-0.025062848,False
974,10,1,5,3,5,3,0.077955194,0.028734993,-0.0246101,False
975,0,0,5,3,5,3,0.062425137,0.01700146,-0.02271184,False
976,10,1,5,3,5,3,0.053732716,0.0142634725,-0.019734621,False
977,10,1,5,3,5,3,0.07793385,0.027020004,-0.025456922,False
978,0,0,5,3,5,3,0.065271325,0.014815561,-0.025227882,False
979,9,3,6,6,6,6,0.44622695,0.025105972,-0.21056049,False
980,0,0,6,6,6,6,0.03719854,0.013978853,-0.011609843,False
981,10,1,5,3,5,3,0.09448563,0.042460475,-0.026012579,False
982,10,1,5,3,5,3,0.0609165,0.015783891,-0.022566304,False
983,0,0,5,3,5,3,0.10103468,0.03359752,-0.03371858,False
984,0,0,5,3,5,3,0.08489219,0.02060569,-0.03214325,False
986,10,1,5,3,5,3,0.06740579,0.019474024,-0.023965884,False
987,0,0,5,3,5,3,0.11029029,0.04234525,-0.03397252,False
988,10,1,5,3,5,3,0.05379164,0.016973056,-0.018409291,False
989,0,0,5,3,5,3,0.08109757,0.015941575,-0.032578,False
990,0,0,5,3,5,3,0.05490515,0.01971165,-0.01759675,False
991,10,1,5,3,5,3,0.10607645,0.053569607,-0.02625342,False
992,10,1,6,6,6,6,0.031877033,0.023031699,-0.0044226674,False
993,0,0,6,6,6,6,0.04932839,0.023745395,-0.012791498,False
994,0,0,6,6,6,6,0.0327069,0.010409366,-0.011148768,False
995,0,0,5,3,5,3,0.084216036,0.017795246,-0.033210397,False
996,0,0,6,6,6,6,0.03797229,0.014714105,-0.0116290925,False
998,0,0,7,1,7,1,0.17291929,0.09986786,-0.036525715,False
1000,8,2,2,8,4,4,0.014771193,0.08164104,0.033434924,True
1001,9,3,2,8,2,8,0.80968267,0.23003797,-0.28982234,False
1002,8,2,2,8,4,4,0.16818956,0.22817113,0.029990785,True
1003,0,0,5,3,5,3,0.09613371,0.03344657,-0.03134357,False
1004,8,2,2,8,4,4,0.18639898,0.25267443,0.033137724,True
1005,0,0,5,3,5,3,0.121419005,0.053206086,-0.03410646,False
1006,10,1,7,1,7,1,0.169312,0.09442231,-0.037444845,False
1007,0,0,6,6,6,6,0.050821368,0.026378274,-0.012221547,False
1008,0,0,5,3,5,3,0.1362728,0.06780797,-0.034232415,False
1009,3,5,4,4,4,4,0.6571181,0.25659752,-0.20026028,False
1010,0,0,5,3,5,3,0.13144633,0.06355663,-0.033944853,False
1011,6,6,7,1,7,1,0.149442,0.1025827,-0.02342965,False
1012,10,1,7,1,7,1,0.15668024,0.10256548,-0.02705738,False
1013,10,1,7,1,7,1,0.15878813,0.094789594,-0.031999268,False
1014,9,3,2,8,2,8,0.7090164,0.13115376,-0.2889313,False
1015,9,3,2,8,2,8,0.6803568,0.104160056,-0.28809837,False
1016,0,0,5,3,5,3,0.123133264,0.054776892,-0.034178186,False
1017,10,1,7,1,7,1,0.17916234,0.08965905,-0.044751644,False
1018,10,1,5,3,5,3,0.11674702,0.06320956,-0.02676873,False
1019,10,1,7,1,7,1,0.1720232,0.09424316,-0.038890023,False
1020,0,0,5,3,5,3,0.0948625,0.03146962,-0.03169644,False
1021,10,1,5,3,5,3,0.15387346,0.10058868,-0.02664239,False
1022,0,0,5,3,5,3,0.06768264,0.01787731,-0.024902664,False
1023,0,0,5,3,5,3,0.1298748,0.061736256,-0.03406927,False
1024,0,0,5,3,5,3,0.10775787,0.040615417,-0.033571225,False
1025,10,1,7,1,7,1,0.18865515,0.086945795,-0.05085468,False
1026,0,0,5,3,5,3,0.13905878,0.07001945,-0.03451967,False
1027,9,3,5,3,5,3,0.34126076,0.0645831,-0.13833883,False
1028,9,3,5,3,5,3,0.34126076,0.0645831,-0.13833883,False
1029,10,1,5,3,5,3,0.09376345,0.041179866,-0.026291791,False
1030,0,0,5,3,5,3,0.05781243,0.021130811,-0.01834081,False
1031,0,0,5,3,5,3,0.11184511,0.043045156,-0.03439998,False
1032,3,5,5,3,6,6,0.06491817,0.11029188,0.022686858,True
1033,0,0,5,3,5,3,0.096302666,0.029073292,-0.033614688,False
1034,0,0,5,3,5,3,0.07931733,0.016244572,-0.031536378,False
1035,0,0,6,6,6,6,0.049343377,0.024507856,-0.012417761,False
1036,10,1,5,3,5,3,0.07703299,0.026760519,-0.025136236,False
1037,0,0,5,3,5,3,0.07543265,0.016605156,-0.029413749,False
1038,10,1,5,3,5,3,0.10088031,0.04820626,-0.026337026,False
1039,0,0,5,3,5,3,0.113507584,0.044607926,-0.03444983,False
1040,0,0,5,3,5,3,0.10149965,0.03449552,-0.033502065,False
1041,0,0,5,3,5,3,0.117531165,0.048725605,-0.03440278,False
1042,0,0,5,3,5,3,0.096730456,0.028394617,-0.03416792,False
1043,10,1,5,3,5,3,0.08070014,0.028311063,-0.026194537,False
1044,0,0,5,3,5,3,0.07286515,0.020755623,-0.026054764,False
1045,0,0,5,3,5,3,0.088235565,0.026432766,-0.030901399,False
1046,10,1,5,3,5,3,0.13951983,0.08703121,-0.026244309,False
1047,10,1,5,3,5,3,0.108904354,0.05548778,-0.026708286,False
1048,0,0,5,3,5,3,0.070094064,0.020920018,-0.024587024,False
1049,0,0,5,3,5,3,0.0744217,0.022953661,-0.025734019,False
1050,0,0,5,3,5,3,0.11985926,0.051447406,-0.03420593,False
1051,0,0,5,3,5,3,0.10878996,0.040679112,-0.034055423,False
1052,0,0,5,3,5,3,0.11467292,0.04663392,-0.0340195,False
1053,10,1,5,3,5,3,0.117374435,0.064359486,-0.026507474,False
1054,9,3,6,6,6,6,0.41953447,0.051217154,-0.18415865,False
1055,0,0,5,3,5,3,0.065657645,0.017255701,-0.024200972,False
1056,10,1,5,3,5,3,0.08419406,0.032700572,-0.025746742,False
1057,10,1,5,3,5,3,0.10096954,0.048400737,-0.0262844,False
1058,0,0,5,3,5,3,0.07633351,0.016540237,-0.029896636,False
1059,0,0,5,3,5,3,0.05412698,0.028017815,-0.013054583,False
1060,10,1,5,3,5,3,0.093835495,0.041962124,-0.025936686,False
1061,10,1,5,3,5,3,0.10020614,0.048322733,-0.025941702,False
1062,0,0,5,3,5,3,0.06959624,0.017960455,-0.025817892,False
1063,0,0,5,3,5,3,0.10379316,0.035475504,-0.034158826,False
1064,0,0,5,3,5,3,0.07536184,0.014166415,-0.030597713,False
1065,10,1,5,3,5,3,0.09987037,0.046808146,-0.026531111,False
1066,0,0,5,3,5,3,0.06287923,0.021078803,-0.020900212,False
1067,0,0,5,3,5,3,0.10524212,0.037556138,-0.03384299,False
1068,0,0,5,3,5,3,0.069265395,0.014112965,-0.027576216,False
1069,10,1,5,3,5,3,0.09808897,0.04548034,-0.026304316,False
1070,0,0,5,3,5,3,0.07891627,0.02325217,-0.027832048,False
1071,0,0,5,3,5,3,0.08720201,0.023590092,-0.031805962,False
1072,0,0,5,3,5,3,0.07207949,0.02080723,-0.02563613,False
1073,10,1,5,3,5,3,0.11540328,0.06253654,-0.026433371,False
1074,9,3,0,0,0,0,0.4709137,0.039146,-0.21588385,False
1075,0,0,5,3,5,3,0.10057946,0.035068426,-0.032755516,False
1077,10,1,5,3,5,3,0.10375033,0.051126033,-0.02631215,False
1078,0,0,5,3,5,3,0.07651474,0.012684291,-0.031915225,False
1079,0,0,5,3,5,3,0.08985344,0.023587639,-0.033132903,False
1080,10,1,5,3,5,3,0.082892284,0.031884402,-0.02550394,False
1081,10,1,5,3,5,3,0.108820386,0.05539073,-0.026714828,False
1082,0,0,5,3,5,3,0.099567465,0.03211835,-0.033724558,False
1083,0,0,5,3,5,3,0.113295734,0.04550946,-0.03389314,False
1084,0,0,5,3,5,3,0.11550428,0.047767993,-0.03386814,False
1085,0,0,5,3,5,3,0.0605766,0.026653355,-0.016961623,False
1086,0,0,5,3,5,3,0.1524873,0.0852203,-0.033633497,False
1087,9,3,5,3,5,3,0.32478574,0.0805579,-0.12211392,False
1088,0,0,5,3,5,3,0.157947,0.08984948,-0.034048762,False
1089,0,0,5,3,5,3,0.10426175,0.035833087,-0.034214333,False
1090,0,0,6,6,6,6,0.048275553,0.024018578,-0.012128487,False
1091,0,0,5,3,5,3,0.09092656,0.029139085,-0.030893736,False
1092,0,0,5,3,5,3,0.088059425,0.027204933,-0.030427247,False
1093,0,0,5,3,5,3,0.08204646,0.023670992,-0.029187731,False
1094,10,1,5,3,5,3,0.09340465,0.042428747,-0.025487952,False
1095,0,0,5,3,5,3,0.10444836,0.0364337,-0.034007333,False
1096,10,1,5,3,5,3,0.089533724,0.038589135,-0.025472295,False
1097,0,0,6,6,6,6,0.029354006,0.011099698,-0.009127154,False
1098,10,1,5,3,5,3,0.071627535,0.021264682,-0.025181428,False
1099,8,2,2,8,4,4,0.262366,0.32367468,0.030654341,True
1100,8,2,4,4,4,4,0.12570909,0.06862176,-0.028543662,False
1101,0,0,0,0,1,10,0.028951064,0.04580983,0.008429384,True
1102,0,0,6,6,6,6,0.03889264,0.016453695,-0.011219474,False
1103,0,0,0,0,1,10,0.04244649,0.06003765,0.00879558,True
1104,0,0,5,3,5,3,0.05912135,0.025576454,-0.016772449,False
1105,6,6,0,0,0,0,0.051090878,0.029642988,-0.010723945,False
1106,0,0,6,6,6,6,0.054209378,0.029627675,-0.012290851,False
1107,0,0,0,0,6,6,0.018652989,0.020314973,0.0008309921,True
1108,0,0,6,6,6,6,0.02580882,0.025308954,-0.00024993345,False
1109,6,6,0,0,0,0,0.051490836,0.03191491,-0.009787964,False
1110,0,0,6,6,6,6,0.032584354,0.020846356,-0.0058689993,False
1111,0,0,0,0,1,10,0.028553208,0.04571883,0.008582811,True
1112,0,0,0,0,6,6,0.027161693,0.039361615,0.0060999608,True
1114,0,0,6,6,6,6,0.03287158,0.015437522,-0.00871703,False
1115,4,4,4,4,2,8,0.030484056,0.0722817,0.020898823,True
1116,8,2,2,8,4,4,0.01679368,0.08615464,0.03468048,True
1117,0,0,6,6,6,6,0.024829403,0.012008203,-0.0064105997,False
1118,0,0,6,6,6,6,0.0345649,0.013506019,-0.010529442,False
1119,8,2,4,4,4,4,0.09587603,0.048609078,-0.023633476,False
1120,0,0,5,3,5,3,0.06401509,0.014243935,-0.024885578,False
1121,0,0,0,0,6,6,0.021286208,0.037861615,0.008287704,True
1122,0,0,5,3,5,3,0.08453816,0.017661085,-0.033438537,False
1123,0,0,6,6,6,6,0.018993132,0.015460242,-0.0017664451,False
1124,0,0,5,3,5,3,0.07975527,0.014842884,-0.032456193,False
1125,0,0,6,6,6,6,0.0225461,0.011731558,-0.005407271,False
1126,0,0,5,3,5,3,0.05465742,0.027428726,-0.013614346,False
1127,0,0,6,6,6,6,0.020952435,0.01397974,-0.0034863474,False
1128,0,0,6,6,6,6,0.04550648,0.020592242,-0.012457119,False
1129,0,0,0,0,6,6,0.017152812,0.018767074,0.0008071307,True
1130,0,0,5,3,5,3,0.07698636,0.0135672325,-0.031709563,False
1131,0,0,6,6,6,6,0.023211962,0.012057966,-0.005576998,False
1132,6,6,5,3,5,3,0.033537697,0.019558541,-0.006989578,False
1133,6,6,5,3,5,3,0.09307035,0.047724698,-0.022672826,False
1134,4,4,2,8,2,8,0.19611934,0.13231888,-0.031900227,False
1135,0,0,6,6,6,6,0.027316533,0.017525306,-0.0048956135,False
1136,4,4,4,4,2,8,0.06219042,0.11449823,0.026153903,True
1137,4,4,4,4,2,8,0.15715499,0.2150824,0.028963707,True
1138,0,0,6,6,6,6,0.016895335,0.015471893,-0.0007117209,False
1140,3,5,6,6,6,6,0.05055179,0.010054374,-0.020248707,False
1141,0,0,6,6,6,6,0.04481373,0.020504493,-0.012154618,False
1142,0,0,0,0,1,10,0.024841076,0.041677576,0.00841825,True
1143,0,0,6,6,6,6,0.04389371,0.020176273,-0.0118587185,False
1144,0,0,0,0,6,6,0.02618639,0.043392655,0.008603132,True
1145,0,0,5,3,5,3,0.0801261,0.013948158,-0.03308897,False
1146,0,0,0,0,1,10,0.015782122,0.032700732,0.008459305,True
1147,0,0,5,3,5,3,0.06353038,0.01487773,-0.024326324,False
1148,0,0,0,0,1,10,0.04309443,0.061193362,0.009049466,True
1149,0,0,6,6,6,6,0.029250795,0.007879014,-0.010685891,False
1150,0,0,6,6,6,6,0.03653537,0.013408308,-0.011563532,False
1151,0,0,5,3,5,3,0.060268875,0.015711289,-0.022278793,False
1152,0,0,6,6,6,6,0.032724038,0.01061678,-0.011053629,False
1153,0,0,5,3,5,3,0.07934601,0.013779514,-0.032783248,False
1154,0,0,5,3,5,3,0.064023994,0.013286129,-0.025368933,False
1155,0,0,5,3,5,3,0.07672194,0.013696465,-0.031512737,False
1156,0,0,0,0,1,10,0.022069573,0.039491802,0.0087111145,True
1157,0,0,5,3,5,3,0.057789076,0.021286791,-0.018251143,False
1158,0,0,0,0,1,10,0.0352454,0.053777542,0.009266071,True
1159,0,0,5,3,5,3,0.05182281,0.022329804,-0.014746504,False
1160,0,0,0,0,1,10,0.02531273,0.043051783,0.008869527,True
1161,3,5,0,0,0,0,0.077027425,0.013404031,-0.031811696,False
1162,0,0,0,0,1,10,0.036422495,0.05411703,0.008847268,True
1163,0,0,6,6,6,6,0.027030474,0.01445894,-0.0062857666,False
1164,0,0,0,0,1,10,0.07399849,0.09154923,0.008775372,True
1165,0,0,0,0,1,10,0.014674661,0.02838752,0.00685643,True
1166,6,6,0,0,0,0,0.050330594,0.02899053,-0.010670032,False
1167,0,0,6,6,6,6,0.043709774,0.020722065,-0.011493854,False
1168,0,0,0,0,1,10,0.04155591,0.059694674,0.009069381,True
1169,0,0,6,6,6,6,0.046810456,0.022232873,-0.012288791,False
1170,0,0,0,0,1,10,0.04929432,0.0668229,0.008764291,True
1171,0,0,6,6,6,6,0.04031294,0.016091717,-0.0121106105,False
1172,0,0,0,0,1,10,0.06422593,0.081736565,0.008755319,True
1173,0,0,6,6,6,6,0.0343987,0.012298914,-0.011049894,False
1174,0,0,0,0,1,10,0.061871216,0.07901799,0.008573387,True
1175,0,0,0,0,6,6,0.018307483,0.029532498,0.0056125075,True
1176,0,0,6,6,6,6,0.031883765,0.013636684,-0.0091235405,False
1177,0,0,5,3,5,3,0.074921675,0.015762215,-0.029579729,False
1178,0,0,6,6,6,6,0.047526028,0.023521744,-0.012002142,False
1179,0,0,5,3,5,3,0.07767387,0.02042048,-0.028626693,False
1180,9,3,6,6,6,6,0.45508954,0.027542911,-0.21377331,False
1181,0,0,6,6,6,6,0.031891495,0.011455743,-0.010217876,False
1182,0,0,6,6,6,6,0.02766829,0.010394165,-0.008637062,False
1183,0,0,0,0,6,6,0.020128516,0.02150306,0.00068727136,True
1184,0,0,5,3,5,3,0.09454335,0.027681854,-0.033430748,False
1185,0,0,6,6,6,6,0.037158873,0.013013882,-0.012072496,False
1186,0,0,5,3,5,3,0.053505886,0.025921943,-0.013791972,False
1187,0,0,0,0,6,6,0.016408661,0.017376564,0.00048395153,True
1188,0,0,5,3,5,3,0.07439657,0.017351538,-0.028522518,False
1189,0,0,5,3,5,3,0.07370753,0.014502476,-0.029602526,False
1190,0,0,5,3,5,3,0.07939922,0.01961757,-0.029890824,False
1191,6,6,6,6,0,0,0.017115047,0.01983631,0.0013606315,True
1192,3,5,5,3,6,6,0.06961997,0.11597099,0.023175512,True
1193,0,0,5,3,5,3,0.048825365,0.02343727,-0.012694047,False
1194,6,6,0,0,0,0,0.045769215,0.022514608,-0.011627303,False
1195,4,4,4,4,2,8,0.16597676,0.22965619,0.031839713,True
1196,0,0,0,0,1,10,0.022185247,0.040242422,0.0090285875,True
1197,4,4,4,4,2,8,0.08125682,0.13917646,0.028959818,True
1198,4,4,4,4,3,9,0.24698146,0.27622485,0.014621697,True
1199,0,0,0,0,1,10,0.02787435,0.04597161,0.00904863,True
1200,3,5,5,3,6,6,0.009404729,0.042029478,0.016312374,True
1202,4,4,4,4,2,8,0.1740751,0.23678182,0.031353362,True
1203,0,0,0,0,1,10,0.0106405765,0.01756091,0.003460167,True
1204,3,5,5,3,6,6,0.008150694,0.042261366,0.017055336,True
1205,0,0,0,0,1,10,0.012535353,0.030380081,0.008922365,True
1206,0,0,0,0,1,10,0.017750848,0.03561873,0.008933941,True
1207,0,0,0,0,1,10,0.009912314,0.027885737,0.0089867115,True
1208,0,0,1,10,1,10,0.019188566,0.013278988,-0.002954789,False
1209,0,0,0,0,1,10,0.046398744,0.06387009,0.008735672,True
1210,8,2,2,8,4,4,0.17687649,0.24062951,0.031876512,True
1211,0,0,0,0,1,10,0.024833804,0.040516973,0.007841584,True
1212,8,2,2,8,4,4,0.04328533,0.08955016,0.023132415,True
1213,0,0,0,0,1,10,0.0855329,0.10147334,0.007970218,True
1214,4,4,2,8,2,8,0.12933813,0.09897561,-0.015181258,False
1215,0,0,0,0,1,10,0.07918832,0.09601205,0.008411866,True
1216,3,5,1,10,1,10,0.053630803,0.00883926,-0.022395771,False
1217,0,0,0,0,1,10,0.053209834,0.069046214,0.00791819,True
1218,0,0,0,0,1,10,0.06508708,0.08210138,0.008507151,True
1219,0,0,0,0,1,10,0.03658319,0.051865987,0.0076413993,True
1220,0,0,0,0,1,10,0.015542811,0.028003206,0.006230198,True
1221,0,0,0,0,1,10,0.06360425,0.07970858,0.008052167,True
1222,0,0,0,0,1,10,0.029630117,0.046087984,0.008228933,True
1223,0,0,0,0,1,10,0.07095014,0.087866746,0.008458301,True
1224,0,0,0,0,1,10,0.03739793,0.054020647,0.008311359,True
1225,0,0,0,0,1,10,0.072469264,0.088776335,0.008153535,True
1226,0,0,0,0,1,10,0.054184053,0.070616566,0.008216256,True
1227,0,0,0,0,1,10,0.02699552,0.040097713,0.006551097,True
1228,0,0,0,0,1,10,0.014519839,0.025128452,0.0053043067,True
1229,0,0,0,0,1,10,0.07265348,0.0888185,0.008082509,True
1230,0,0,0,0,1,10,0.01774121,0.02830428,0.005281535,True
1231,0,0,0,0,1,10,0.064353496,0.08064308,0.008144792,True
1232,0,0,1,10,1,10,0.025496878,0.012498418,-0.00649923,False
1233,0,0,0,0,1,10,0.030367449,0.044540986,0.0070867687,True
1234,0,0,0,0,1,10,0.010206115,0.021720547,0.005757216,True
1235,0,0,0,0,1,10,0.017414292,0.027644776,0.0051152417,True
1236,0,0,0,0,1,10,0.06923456,0.08636339,0.008564416,True
1237,0,0,0,0,1,10,0.024079816,0.03833617,0.0071281763,True
1238,0,0,0,0,1,10,0.068593375,0.08531223,0.0083594285,True
1239,0,0,0,0,1,10,0.060011964,0.07606593,0.008026982,True
1240,0,0,1,10,1,10,0.020138148,0.0149628315,-0.0025876584,False
1241,0,0,0,0,1,10,0.08528528,0.10210773,0.008411225,True
1242,0,0,0,0,1,10,0.0764511,0.09328799,0.008418445,True
1243,0,0,0,0,1,10,0.017013507,0.03142939,0.007207942,True
1244,0,0,1,10,1,10,0.024666758,0.008179388,-0.008243686,False
1245,0,0,0,0,1,10,0.054782204,0.0718772,0.008547496,True
1246,0,0,0,0,1,10,0.0076278085,0.013891412,0.0031318017,True
1247,0,0,0,0,1,10,0.06005276,0.07666655,0.008306894,True
1248,0,0,1,10,1,10,0.021539105,0.005336809,-0.0081011485,False
1249,0,0,0,0,1,10,0.060546324,0.07659311,0.008023392,True
1250,0,0,0,0,1,10,0.02163698,0.038328648,0.008345834,True
1251,0,0,0,0,1,10,0.07102738,0.087515995,0.008244306,True
1252,0,0,0,0,1,10,0.029400632,0.04605667,0.008328019,True
1253,0,0,0,0,1,10,0.07800855,0.09477108,0.008381266,True
1254,0,0,0,0,1,10,0.009961423,0.022224935,0.0061317557,True
1255,8,2,2,8,4,4,0.07462292,0.13115312,0.0282651,True
1256,9,3,2,8,2,8,0.58511883,0.03625389,-0.27443248,False
1257,8,2,2,8,4,4,0.107273325,0.1695698,0.03114824,True
1261,8,2,2,8,4,4,0.11307157,0.1774922,0.032210317,True
1262,9,3,2,8,2,8,0.96983224,0.3899219,-0.28995517,False
1264,8,2,4,4,4,4,0.10040839,0.048255518,-0.026076436,False
1266,8,2,4,4,4,4,0.15755919,0.09377714,-0.031891022,False
1267,9,3,0,0,0,0,0.6971814,0.23832802,-0.22942668,False
1268,8,2,4,4,4,4,0.1314349,0.06927077,-0.031082068,False
1269,8,2,2,8,4,4,0.030850278,0.09999296,0.034571342,True
1270,8,2,2,8,4,4,0.1332235,0.19906604,0.03292127,True
1271,9,3,2,8,2,8,0.6652612,0.08652865,-0.28936628,False
1272,9,3,0,0,0,0,0.67438763,0.21534328,-0.22952217,False
1273,9,3,0,0,0,0,0.69549584,0.2362726,-0.22961162,False
1274,9,3,0,0,0,0,0.6663293,0.20709413,-0.2296176,False
1275,8,2,4,4,4,4,0.111079924,0.06127074,-0.024904592,False
1276,9,3,0,0,0,0,0.7027988,0.2435674,-0.22961569,False
1277,9,3,0,0,0,0,0.7114906,0.25232282,-0.22958387,False
1278,9,3,0,0,0,0,0.69520396,0.23610023,-0.22955187,False
1279,9,3,0,0,0,0,0.71483535,0.2555992,-0.22961807,False
1280,8,2,2,8,4,4,0.00979467,0.065563746,0.027884537,True
1281,8,2,2,8,4,4,0.1940243,0.25280732,0.029391512,True
1282,8,2,2,8,4,4,0.03421945,0.041995697,0.0038881227,True
1283,8,2,4,4,4,4,0.11431498,0.059862565,-0.027226208,False
1284,8,2,4,4,4,4,0.18347208,0.124850444,-0.029310819,False
1285,8,2,4,4,4,4,0.14556247,0.09229237,-0.02663505,False
1286,9,3,2,8,2,8,0.6498087,0.07633717,-0.28673577,False
1287,8,2,2,8,4,4,0.042366803,0.07915638,0.018394787,True
1288,9,3,2,8,2,8,0.7988645,0.2190146,-0.28992495,False
1289,8,2,2,8,4,4,0.089265384,0.15332271,0.032028664,True
1290,0,0,0,0,1,10,0.14976351,0.16603522,0.008135855,True
1291,0,0,0,0,1,10,0.079259634,0.09519118,0.007965773,True
1292,0,0,0,0,1,10,0.1468598,0.16281976,0.007979982,True
1293,0,0,0,0,1,10,0.08657575,0.103019975,0.008222114,True
1294,0,0,0,0,1,10,0.140108,0.15589917,0.007895581,True
1295,0,0,0,0,1,10,0.047599684,0.064030975,0.008215645,True
1296,0,0,0,0,1,10,0.14982018,0.16612464,0.008152232,True
1297,0,0,0,0,1,10,0.102996476,0.12000926,0.008506391,True
1298,0,0,0,0,1,10,0.14519471,0.16136877,0.008087032,True
1299,0,0,0,0,1,10,0.06833857,0.08530248,0.008481953,True
1300,0,0,0,0,1,10,0.15392327,0.17015207,0.0081143975,True
1301,0,0,0,0,1,10,0.09036033,0.10684804,0.008243855,True
1302,0,0,0,0,1,10,0.14218208,0.15830773,0.008062825,True
1303,0,0,0,0,1,10,0.123575695,0.14036688,0.008395594,True
1304,0,0,0,0,1,10,0.13986164,0.1558203,0.007979326,True
1305,0,0,0,0,1,10,0.04532755,0.061709348,0.008190898,True
1306,0,0,0,0,1,10,0.12395776,0.13982871,0.007935476,True
1307,0,0,0,0,1,10,0.056604046,0.07197124,0.0076835956,True
1308,0,0,0,0,1,10,0.17247939,0.18899915,0.008259878,True
1309,0,0,0,0,1,10,0.09644895,0.113341436,0.008446243,True
1310,0,0,0,0,1,10,0.12138723,0.1369637,0.0077882335,True
1311,0,0,0,0,1,10,0.039941467,0.05659076,0.008324645,True
1312,0,0,0,0,1,10,0.13046056,0.14705446,0.008296952,True
1313,0,0,0,0,1,10,0.027700389,0.043957938,0.008128774,True
1314,0,0,0,0,1,10,0.08104461,0.096822694,0.007889044,True
1315,0,0,0,0,1,10,0.045360632,0.062433466,0.008536417,True
1316,0,0,0,0,1,10,0.13868755,0.15542723,0.008369841,True
1317,0,0,0,0,1,10,0.07586878,0.0929251,0.008528162,True
1318,0,0,0,0,1,10,0.11540888,0.13093881,0.0077649653,True
1319,0,0,0,0,1,10,0.0841584,0.10021666,0.008029129,True
1320,0,0,0,0,1,10,0.15905368,0.17523894,0.008092627,True
1321,0,0,0,0,1,10,0.06222659,0.077674985,0.0077241976,True
1322,0,0,0,0,1,10,0.1360471,0.1517524,0.007852651,True
1323,0,0,0,0,1,10,0.09059878,0.10752444,0.008462831,True
1324,0,0,0,0,1,10,0.13783157,0.153865,0.008016713,True
1325,0,0,0,0,1,10,0.10265043,0.11898553,0.008167554,True
1326,0,0,0,0,1,10,0.13586147,0.15193196,0.008035243,True
1327,0,0,0,0,1,10,0.052793186,0.06769351,0.0074501615,True
1328,0,0,0,0,1,10,0.1347444,0.15054664,0.007901117,True
1329,0,0,0,0,1,10,0.07736588,0.09335175,0.007992934,True
1330,0,0,0,0,1,10,0.114548326,0.1304499,0.00795079,True
1331,0,0,0,0,1,10,0.029269064,0.046157904,0.00844442,True
1332,0,0,0,0,1,10,0.13828489,0.15458754,0.008151323,True
1333,0,0,0,0,1,10,0.038605638,0.05518884,0.0082916,True
1334,0,0,0,0,1,10,0.13988388,0.1562062,0.008161165,True
1335,0,0,0,0,1,10,0.051584948,0.06804958,0.008232316,True
1336,0,0,0,0,1,10,0.12591945,0.1417933,0.007936925,True
1337,0,0,0,0,1,10,0.079868235,0.096526586,0.008329175,True
1338,0,0,0,0,1,10,0.15658686,0.17305,0.008231573,True
1339,0,0,0,0,1,10,0.096689954,0.113362975,0.0083365105,True
1340,0,0,0,0,1,10,0.11698798,0.1327699,0.007890958,True
1341,0,0,0,0,1,10,0.058779556,0.073992595,0.0076065194,True
1342,0,0,0,0,1,10,0.12367127,0.13945302,0.007890876,True
1343,0,0,0,0,1,10,0.051749248,0.068994746,0.008622749,True
1344,0,0,0,0,1,10,0.14740881,0.16376913,0.008180156,True
1345,0,0,0,0,1,10,0.09841438,0.115753464,0.008669544,True
1346,0,0,0,0,1,10,0.08776555,0.10430696,0.008270703,True
1347,0,0,0,0,1,10,0.058795333,0.07608726,0.008645963,True
1348,0,0,0,0,1,10,0.14119221,0.1574442,0.008125991,True
1349,3,5,0,0,0,0,0.081523634,0.015099537,-0.03321205,False
1350,9,3,2,8,2,8,0.5593667,0.028238347,-0.26556417,False
1351,0,0,0,0,1,10,0.06684754,0.08326877,0.008210614,True
1352,0,0,4,4,4,4,0.9224438,0.06011966,-0.43116206,False
1353,0,0,0,0,1,10,0.06147839,0.07772159,0.0081215985,True
1354,0,0,0,0,1,10,0.15280561,0.16905196,0.008123174,True
1355,0,0,0,0,1,10,0.10294196,0.11982955,0.008443795,True
1356,9,3,2,8,2,8,0.5702301,0.028526427,-0.27085185,False
1357,8,2,4,4,4,4,0.31710368,0.25720328,-0.029950202,False
1358,3,5,0,0,0,0,0.1154823,0.046561327,-0.034460485,False
1359,8,2,4,4,4,4,0.19856188,0.13616101,-0.031200431,False
1360,0,0,0,0,1,10,0.13328603,0.14944719,0.008080579,True
1361,0,0,0,0,1,10,0.07515505,0.09139253,0.008118741,True
1362,0,0,0,0,1,10,0.15196723,0.16840686,0.008219816,True
1363,0,0,0,0,1,10,0.09267055,0.10887235,0.008100897,True
1364,0,0,0,0,1,10,0.12877397,0.1446958,0.007960916,True
1365,0,0,0,0,1,10,0.10714885,0.12404654,0.008448847,True
1366,0,0,0,0,1,10,0.12895942,0.1447594,0.007899992,True
1367,0,0,0,0,1,10,0.076546766,0.09268427,0.008068752,True
1368,0,0,0,0,1,10,0.14158376,0.15771148,0.00806386,True
1369,0,0,0,0,1,10,0.06439448,0.079786845,0.0076961815,True
1370,0,0,0,0,1,10,0.14117275,0.15738711,0.008107178,True
1371,0,0,0,0,1,10,0.0624388,0.078388184,0.007974692,True
1372,0,0,0,0,1,10,0.13494687,0.15139659,0.00822486,True
1373,0,0,0,0,1,10,0.048828803,0.066044495,0.008607846,True
1374,0,0,0,0,1,10,0.13895729,0.15496217,0.008002438,True
1375,0,0,0,0,1,10,0.0862025,0.10237401,0.008085754,True
1376,0,0,0,0,1,10,0.15251286,0.16861987,0.008053504,True
1377,0,0,0,0,1,10,0.11039648,0.12689762,0.008250568,True
1378,0,0,0,0,1,10,0.14677936,0.16291381,0.008067228,True
1379,0,0,0,0,1,10,0.09727304,0.113958985,0.008342974,True
1380,0,0,0,0,1,10,0.1294308,0.14548701,0.008028105,True
1381,0,0,0,0,1,10,0.06466735,0.08078873,0.00806069,True
1382,0,0,0,0,1,10,0.15127909,0.16742928,0.008075096,True
1383,0,0,0,0,1,10,0.09744972,0.11322828,0.007889278,True
1384,0,0,0,0,1,10,0.122372836,0.13797845,0.007802807,True
1385,0,0,0,0,1,10,0.10559783,0.12197319,0.008187678,True
1386,0,0,0,0,1,10,0.15138665,0.16751365,0.008063503,True
1387,0,0,0,0,1,10,0.067187786,0.08328843,0.0080503225,True
1388,0,0,0,0,1,10,0.1758074,0.192338,0.008265302,True
1389,0,0,0,0,1,10,0.059843346,0.07612021,0.008138433,True
1390,0,0,0,0,1,10,0.14015879,0.1566408,0.008241005,True
1391,0,0,0,0,1,10,0.08103652,0.09702099,0.007992234,True
1392,0,0,0,0,1,10,0.12944852,0.1458282,0.008189842,True
1393,10,1,2,8,2,8,1.3767477,0.36447996,-0.5061339,False
1394,10,1,2,8,2,8,1.32678,0.3196773,-0.50355136,False
1395,10,1,2,8,2,8,1.4493076,0.43624377,-0.5065319,False
1396,10,1,2,8,2,8,1.4021578,0.3918544,-0.5051517,False
1397,10,1,2,8,2,8,1.3769066,0.3669332,-0.5049867,False
1398,10,1,2,8,2,8,1.2527653,0.24954908,-0.50160813,False
1399,10,1,2,8,2,8,1.4517812,0.43557388,-0.5081036,False
1400,10,1,2,8,2,8,1.2390147,0.22895184,-0.50503147,False
1401,0,0,0,0,1,10,0.09924357,0.11576585,0.00826114,True
1402,0,0,0,0,1,10,0.16388737,0.18039379,0.008253209,True
1403,0,0,0,0,1,10,0.07087055,0.086590156,0.007859804,True
1404,0,0,0,0,1,10,0.09366459,0.10858514,0.0074602775,True
1405,0,0,0,0,1,10,0.080812246,0.096889,0.0080383755,True
1406,0,0,0,0,1,10,0.14728831,0.16333044,0.008021064,True
1407,0,0,0,0,1,10,0.09578484,0.11203413,0.008124642,True
1408,0,0,0,0,1,10,0.13282068,0.14858295,0.007881135,True
1409,0,0,0,0,1,10,0.08568042,0.10213581,0.008227695,True
1410,0,0,0,0,1,10,0.097028404,0.11199975,0.007485673,True
1411,0,0,0,0,1,10,0.06568041,0.08171646,0.008018028,True
1412,0,0,0,0,1,10,0.14237264,0.15837798,0.008002669,True
1413,0,0,0,0,1,10,0.07743763,0.09398095,0.008271661,True
1414,0,0,0,0,1,10,0.16866647,0.18520084,0.008267187,True
1415,0,0,0,0,1,10,0.08739566,0.10406355,0.008333944,True
1416,0,0,0,0,1,10,0.10787166,0.12343524,0.0077817887,True
1417,0,0,0,0,1,10,0.09217228,0.108391605,0.008109663,True
1418,0,0,0,0,1,10,0.16199817,0.17839526,0.008198544,True
1419,0,0,0,0,1,10,0.101565234,0.118016385,0.008225575,True
1420,0,0,0,0,1,10,0.15993918,0.17599882,0.008029819,True
1421,0,0,0,0,1,10,0.10169748,0.11807319,0.008187853,True
1422,0,0,0,0,1,10,0.16677125,0.18301174,0.008120246,True
1423,0,0,0,0,1,10,0.12405774,0.1406554,0.008298829,True
1424,0,0,0,0,1,10,0.14887834,0.16539751,0.008259587,True
1425,0,0,0,0,1,10,0.06370622,0.079563975,0.007928878,True
1426,0,0,0,0,1,10,0.09752338,0.11272717,0.007601898,True
1427,0,0,0,0,1,10,0.077493,0.093024574,0.0077657886,True
1428,0,0,0,0,1,10,0.1066894,0.12306896,0.008189779,True
1429,0,0,0,0,1,10,0.0810257,0.097192645,0.008083474,True
1430,0,0,0,0,1,10,0.08603381,0.10125107,0.0076086298,True
1431,0,0,0,0,1,10,0.06403561,0.07948127,0.0077228285,True
1432,0,0,0,0,1,10,0.07969143,0.094686136,0.0074973516,True
1433,0,0,0,0,1,10,0.044646047,0.05877486,0.007064406,True
1434,0,0,0,0,1,10,0.16251016,0.17905134,0.0082705915,True
1435,0,0,0,0,1,10,0.05877253,0.07416962,0.007698545,True
1436,0,0,0,0,1,10,0.13961016,0.15586087,0.008125357,True
1437,0,0,0,0,1,10,0.070010155,0.08605161,0.008020729,True
1438,0,0,0,0,1,10,0.11850699,0.13453843,0.008015718,True
1439,0,0,0,0,1,10,0.08821627,0.104281925,0.008032829,True
1440,0,0,0,0,1,10,0.128224,0.1438014,0.007788703,True
1441,0,0,0,0,1,10,0.08833931,0.1048338,0.008247245,True
1442,0,0,0,0,1,10,0.099286005,0.114568636,0.0076413155,True
1443,0,0,0,0,1,10,0.13271636,0.14920135,0.008242495,True
1444,0,0,0,0,1,10,0.16276012,0.17918408,0.008211978,True
1445,0,0,0,0,1,10,0.065006554,0.080298856,0.007646151,True
1446,0,0,0,0,1,10,0.1462824,0.16275851,0.008238055,True
1447,0,0,0,0,1,10,0.10280242,0.11945272,0.008325152,True
1448,0,0,0,0,1,10,0.12877738,0.14473173,0.007977173,True
1449,0,0,0,0,1,10,0.07967059,0.09527455,0.00780198,True
1450,0,0,0,0,1,10,0.1589979,0.17519452,0.008098312,True
1451,0,0,0,0,1,10,0.08652904,0.10252096,0.007995959,True
1452,0,0,0,0,1,10,0.1459799,0.1619475,0.007983804,True
1453,0,0,0,0,1,10,0.13300426,0.14932945,0.008162595,True
1454,0,0,0,0,1,10,0.14240734,0.15832314,0.007957898,True
1455,0,0,0,0,1,10,0.076399274,0.092082076,0.007841401,True
1456,0,0,0,0,1,10,0.15730314,0.17342605,0.008061454,True
1457,0,0,0,0,1,10,0.12464515,0.14114872,0.0082517825,True
1458,0,0,0,0,1,10,0.1274758,0.14315693,0.007840566,True
1459,0,0,0,0,1,10,0.07895806,0.095374696,0.00820832,True
1460,0,0,0,0,1,10,0.14043854,0.15637794,0.0079697,True
1461,0,0,0,0,1,10,0.079922244,0.09593401,0.008005884,True
1462,0,0,0,0,1,10,0.14451379,0.16077243,0.008129321,True
1463,0,0,0,0,1,10,0.0758773,0.09156708,0.007844888,True
1464,0,0,0,0,1,10,0.13568237,0.15136041,0.007839017,True
1465,0,0,0,0,1,10,0.10440296,0.120865695,0.008231368,True
1466,0,0,0,0,1,10,0.14971013,0.16577592,0.008032896,True
1467,0,0,0,0,1,10,0.116655506,0.13331355,0.008329023,True
1468,0,0,0,0,1,10,0.16668446,0.18308282,0.008199178,True
1469,0,0,0,0,1,10,0.08038968,0.096804835,0.008207578,True
1470,0,0,0,0,1,10,0.113885045,0.12957618,0.007845566,True
1471,0,0,0,0,1,10,0.065308124,0.08104345,0.007867664,True
1473,0,0,0,0,1,10,0.09403361,0.11074551,0.008355953,True
1474,0,0,0,0,1,10,0.1392795,0.15543775,0.0080791265,True
1475,0,0,0,0,1,10,0.137787,0.15440983,0.008311413,True
1476,0,0,0,0,1,10,0.13625032,0.1520146,0.007882141,True
1477,0,0,0,0,1,10,0.09634962,0.11246043,0.008055404,True
1478,0,0,0,0,1,10,0.13725448,0.1532566,0.008001059,True
1479,0,0,0,0,1,10,0.06760403,0.083828576,0.008112274,True
1480,0,0,0,0,1,10,0.14949957,0.16542935,0.007964894,True
1481,0,0,0,0,1,10,0.099276796,0.11512463,0.007923916,True
1482,0,0,0,0,1,10,0.16294563,0.1791267,0.008090533,True
1483,0,0,0,0,1,10,0.087154604,0.102759555,0.0078024752,True
1484,0,0,0,0,1,10,0.12076653,0.13651763,0.007875551,True
1485,0,0,0,0,1,10,0.0570201,0.0722829,0.0076314006,True
1486,0,0,0,0,1,10,0.13255233,0.14822601,0.007836841,True
1487,0,0,0,0,1,10,0.11085405,0.12745036,0.008298155,True
1488,0,0,0,0,1,10,0.14170511,0.15757115,0.007933021,True
1489,0,0,0,0,1,10,0.115492426,0.13197955,0.0082435645,True
1490,0,0,0,0,1,10,0.13789757,0.1537543,0.007928364,True
1491,0,0,0,0,1,10,0.107693724,0.12417542,0.008240849,True
1492,0,0,0,0,1,10,0.1553411,0.17148642,0.008072659,True
1493,0,0,0,0,1,10,0.10425927,0.12032876,0.008034747,True
1494,0,0,0,0,1,10,0.16932727,0.18572786,0.008200295,True
1495,0,0,0,0,1,10,0.07621251,0.0921235,0.007955495,True
1496,0,0,0,0,1,10,0.15129957,0.16774487,0.008222654,True
1497,0,0,0,0,1,10,0.09705412,0.11344501,0.008195445,True
1498,0,0,0,0,1,10,0.14518237,0.16142866,0.0081231445,True
1499,0,0,0,0,1,10,0.09160464,0.107787296,0.008091327,True
1500,0,0,0,0,1,10,0.11978324,0.13544276,0.007829763,True
1501,0,0,0,0,1,10,0.11030479,0.12682793,0.008261569,True
1502,0,0,0,0,1,10,0.10666632,0.122397274,0.007865477,True
1503,0,0,0,0,1,10,0.0634842,0.079210274,0.007863037,True
1504,0,0,0,0,1,10,0.14403844,0.16002788,0.007994719,True
1505,0,0,0,0,1,10,0.09771118,0.1138194,0.008054107,True
1506,0,0,0,0,1,10,0.1424207,0.15832973,0.0079545155,True
1507,0,0,0,0,1,10,0.10262269,0.11921154,0.008294426,True
1508,0,0,0,0,1,10,0.12698457,0.14307497,0.008045204,True
1509,0,0,0,0,1,10,0.092468925,0.108448334,0.007989705,True
1510,0,0,0,0,1,10,0.11057381,0.12606043,0.0077433065,True
1511,0,0,0,0,1,10,0.06754695,0.08283483,0.007643942,True
1512,0,0,0,0,1,10,0.09697138,0.11257418,0.0078014024,True
1513,0,0,0,0,1,10,0.092870936,0.10944545,0.008287258,True
1514,0,0,0,0,1,10,0.15148199,0.16782503,0.008171521,True
1515,0,0,0,0,1,10,0.10861103,0.12515879,0.008273877,True
1516,0,0,0,0,1,10,0.13884574,0.1550267,0.008090481,True
1517,0,0,0,0,1,10,0.117174275,0.13386135,0.008343536,True
1518,0,0,0,0,1,10,0.124786936,0.14059147,0.007902268,True
1519,0,0,0,0,1,10,0.09356909,0.10976541,0.008098159,True
1520,0,0,0,0,1,10,0.11411005,0.12979978,0.007844865,True
1521,0,0,0,0,1,10,0.057545334,0.07289909,0.007676877,True
1522,0,0,0,0,1,10,0.14177866,0.15793218,0.008076757,True
1523,0,0,0,0,1,10,0.0912564,0.10790828,0.008325938,True
1524,0,0,0,0,1,10,0.0958311,0.111085854,0.0076273754,True
1525,0,0,0,0,1,10,0.11727038,0.13411757,0.008423597,True
1526,0,0,0,0,1,10,0.14522949,0.16158536,0.008177936,True
1527,0,0,0,0,1,10,0.060953204,0.07614406,0.007595429,True
1528,0,0,0,0,1,10,0.12905148,0.14547814,0.008213334,True
1529,0,0,0,0,1,10,0.043637667,0.059637778,0.008000055,True
1530,0,0,0,0,1,10,0.16199894,0.17854705,0.008274056,True
1531,0,0,0,0,1,10,0.12326553,0.13982616,0.008280318,True
1532,0,0,0,0,1,10,0.14943686,0.16579287,0.008178003,True
1533,0,0,0,0,1,10,0.1099046,0.12638597,0.008240685,True
1534,0,0,0,0,1,10,0.15468177,0.17068121,0.007999718,True
1535,0,0,0,0,1,10,0.09366414,0.109998636,0.008167248,True
1536,0,0,0,0,1,10,0.09113583,0.106113136,0.007488653,True
1537,0,0,0,0,1,10,0.07451769,0.09117631,0.0083293095,True
1538,0,0,0,0,1,10,0.10119035,0.11759883,0.00820424,True
1539,0,0,0,0,1,10,0.061919436,0.079075046,0.008577805,True
1540,0,0,0,0,1,10,0.1274526,0.14322658,0.007886991,True
1541,0,0,0,0,1,10,0.076726705,0.093161575,0.008217435,True
1542,0,0,0,0,1,10,0.14393295,0.16004243,0.008054741,True
1543,0,0,0,0,1,10,0.067166306,0.08283491,0.0078343,True
1544,0,0,0,0,1,10,0.12536313,0.14105229,0.007844582,True
1545,0,0,0,0,1,10,0.08765829,0.10382611,0.00808391,True
1546,0,0,0,0,1,10,0.12949106,0.14541638,0.007962659,True
1547,0,0,0,0,1,10,0.09990766,0.116637304,0.008364823,True
1548,0,0,0,0,1,10,0.164244,0.18082689,0.008291446,True
1549,0,0,0,0,1,10,0.087731704,0.1037895,0.008028898,True
1550,0,0,0,0,1,10,0.14582588,0.16240813,0.008291125,True
1551,0,0,0,0,1,10,0.0937095,0.11053787,0.008414187,True
1552,0,0,0,0,1,10,0.041819245,0.055181686,0.0066812206,True
1553,0,0,0,0,1,10,0.12645689,0.14328885,0.008415982,True
1554,0,0,0,0,1,10,0.02222692,0.033167254,0.005470167,True
1555,0,0,0,0,1,10,0.12769097,0.1438726,0.008090816,True
1557,8,2,4,4,4,4,0.13893908,0.08777825,-0.025580417,False
1558,8,2,4,4,4,4,0.18548095,0.13119715,-0.027141899,False
1559,8,2,2,8,4,4,0.027093243,0.051224347,0.012065552,True
1560,8,2,4,4,4,4,0.3184545,0.26044974,-0.029002383,False
1561,8,2,4,4,4,4,0.1491244,0.09030295,-0.029410724,False
1562,9,3,2,8,2,8,1.18908,0.609875,-0.2896025,False
1563,9,3,2,8,2,8,0.77579534,0.19679283,-0.28950125,False
1564,9,3,2,8,2,8,0.790688,0.21063364,-0.29002717,False
1565,8,2,2,8,4,4,0.046341576,0.103957914,0.028808169,True
1566,8,2,2,8,4,4,0.022011386,0.06798352,0.02298607,True
1567,8,2,4,4,4,4,0.28793627,0.2311762,-0.028380036,False
1568,8,2,3,9,3,9,0.36457202,0.21646383,-0.07405409,False
1569,0,0,0,0,1,10,0.041614946,0.058899976,0.008642515,True
1570,0,0,1,10,1,10,0.022907278,0.012445957,-0.00523066,False
1571,0,0,1,10,1,10,0.016023096,0.00539879,-0.005312153,False
1572,10,1,6,6,6,6,0.025916696,0.020059947,-0.0029283743,False
1573,0,0,0,0,1,10,0.01903641,0.035543896,0.008253743,True
1574,0,0,6,6,6,6,0.019773012,0.013361368,-0.0032058218,False
1575,0,0,0,0,1,10,0.024339797,0.04083145,0.008245827,True
1576,0,0,0,0,6,6,0.0175231,0.020873372,0.0016751355,True
1577,0,0,0,0,1,10,0.03855836,0.05532709,0.008384366,True
1578,0,0,6,6,6,6,0.04302446,0.021732563,-0.010645949,False
1579,0,0,0,0,1,10,0.051570665,0.06887119,0.008650264,True
1580,10,1,6,6,6,6,0.024367632,0.022398986,-0.0009843232,False
1581,0,0,0,0,1,10,0.048424017,0.06536836,0.008472173,True
1582,0,0,6,6,6,6,0.034329303,0.012692776,-0.0108182635,False
1583,0,0,0,0,1,10,0.011332144,0.020144284,0.00440607,True
1584,0,0,1,10,1,10,0.017741762,0.0118674245,-0.0029371688,False
1585,0,0,0,0,6,6,0.013521569,0.019684985,0.0030817082,True
1586,0,0,6,6,6,6,0.037834406,0.014765277,-0.011534564,False
1587,10,1,1,10,0,0,0.011383303,0.011719978,0.00016833749,True
1588,0,0,1,10,1,10,0.016205197,0.009832846,-0.0031861756,False
1589,0,0,1,10,1,10,0.024793414,0.013247672,-0.0057728714,False
1590,0,0,0,0,6,6,0.017766627,0.025614455,0.0039239144,True
1591,0,0,0,0,1,10,0.02906161,0.046015155,0.008476772,True
1592,0,0,6,6,6,6,0.041768856,0.019599607,-0.011084625,False
1593,6,6,5,3,5,3,0.06492689,0.021709044,-0.021608924,False
1594,0,0,5,3,5,3,0.08179754,0.015103617,-0.033346962,False
1595,4,4,4,4,2,8,0.04370554,0.044877872,0.0005861651,True
1596,0,0,6,6,6,6,0.038763434,0.020263163,-0.009250135,False
1597,0,0,0,0,1,10,0.010874596,0.021514254,0.0053198286,True
1598,4,4,2,8,2,8,0.2206522,0.16178097,-0.029435612,False
1599,0,0,0,0,1,10,0.011388175,0.014584358,0.0015980913,True
1601,0,0,0,0,1,10,0.0574782,0.07496831,0.008745054,True
1602,0,0,6,6,6,6,0.02309985,0.01240542,-0.0053472156,False
1603,0,0,0,0,1,10,0.010938662,0.022583451,0.0058223945,True
1604,0,0,6,6,6,6,0.018110715,0.017167233,-0.00047174096,False
1605,0,0,0,0,1,10,0.035165213,0.052735593,0.00878519,True
1606,0,0,1,10,1,10,0.022218177,0.011695226,-0.0052614757,False
1607,0,0,0,0,1,10,0.016334223,0.03190428,0.007785029,True
1608,0,0,6,6,6,6,0.030701345,0.012540427,-0.009080458,False
1609,0,0,0,0,1,10,0.017228251,0.031154508,0.006963128,True
1610,0,0,0,0,1,10,0.019736746,0.03733438,0.008798816,True
1611,0,0,1,10,1,10,0.025316639,0.011153344,-0.0070816474,False
1612,0,0,0,0,6,6,0.019749619,0.027754234,0.0040023075,True
1613,0,0,0,0,1,10,0.011423894,0.025919206,0.007247656,True
1614,0,0,0,0,1,10,0.014118211,0.014616101,0.00024894485,True
1615,0,0,0,0,1,10,0.030304788,0.047660507,0.00867786,True
1616,0,0,1,10,1,10,0.03405482,0.01717105,-0.008441885,False
1617,0,0,0,0,1,10,0.0123666,0.017297762,0.0024655806,True
1618,0,0,1,10,1,10,0.020821286,0.012164417,-0.004328435,False
1619,0,0,0,0,1,10,0.05290383,0.07031538,0.008705776,True
1620,0,0,6,6,6,6,0.022723883,0.011504986,-0.0056094485,False
1621,10,1,2,8,2,8,1.517323,0.49854434,-0.50938934,False
1622,10,1,2,8,2,8,1.8195019,0.8027582,-0.50837183,False
1623,10,1,0,0,0,0,0.019225964,0.0139243305,-0.002650817,False
1624,0,0,6,6,6,6,0.04124094,0.021408586,-0.009916178,False
1625,0,0,0,0,1,10,0.041100748,0.058056977,0.008478114,True
1626,0,0,6,6,6,6,0.027789623,0.010293474,-0.008748074,False
1627,0,0,0,0,1,10,0.040068172,0.05653187,0.0082318485,True
1628,0,0,6,6,6,6,0.026507158,0.011371863,-0.0075676474,False
1629,0,0,0,0,1,10,0.016357845,0.030878862,0.007260509,True
1630,0,0,0,0,1,10,0.015803453,0.029332595,0.006764571,True
1631,0,0,0,0,1,10,0.05830846,0.07565405,0.008672796,True
1632,0,0,1,10,1,10,0.018378397,0.010093378,-0.00414251,False
1633,0,0,0,0,1,10,0.014378412,0.031828612,0.0087251,True
1634,0,0,6,6,6,6,0.039288312,0.021102155,-0.009093079,False
1635,0,0,0,0,1,10,0.0129892435,0.0191773,0.0030940287,True
1636,0,0,6,6,6,6,0.04538566,0.02797833,-0.008703664,False
1637,0,0,0,0,1,10,0.041497078,0.058155406,0.008329164,True
1638,0,0,1,10,1,10,0.04498994,0.027287476,-0.008851232,False
1639,0,0,0,0,1,10,0.011910406,0.026318965,0.00720428,True
1640,0,0,0,0,1,10,0.011831248,0.026988123,0.007578437,True
1641,0,0,0,0,1,10,0.01093865,0.027128745,0.008095047,True
1642,0,0,0,0,1,10,0.011829317,0.022229856,0.0052002696,True
1643,0,0,0,0,1,10,0.03813793,0.055331644,0.008596856,True
1644,0,0,6,6,6,6,0.04123388,0.022289978,-0.00947195,False
1645,10,1,1,10,0,0,0.009565758,0.014322599,0.002378421,True
1646,0,0,0,0,1,10,0.024662083,0.040508255,0.007923086,True
1647,10,1,0,0,0,0,0.046761055,0.02996738,-0.008396837,False
1648,0,0,0,0,1,10,0.018006675,0.034564964,0.008279145,True
1649,0,0,0,0,1,10,0.032220945,0.04872829,0.008253673,True
1650,0,0,0,0,1,10,0.01642425,0.028265806,0.005920778,True
1651,0,0,0,0,1,10,0.013525135,0.016617553,0.0015462092,True
1652,0,0,6,6,6,6,0.022870773,0.009700759,-0.006585007,False
1653,0,0,1,10,1,10,0.014025159,0.011087498,-0.0014688307,False
1654,0,0,0,0,1,10,0.017320361,0.03171971,0.007199675,True
1655,0,0,0,0,1,10,0.03752489,0.054805722,0.008640416,True
1656,0,0,6,6,6,6,0.028873159,0.015485429,-0.0066938647,False
1657,0,0,0,0,1,10,0.035937443,0.05302691,0.008544734,True
1658,0,0,0,0,1,10,0.023668842,0.04094292,0.008637038,True
1659,0,0,6,6,6,6,0.018289147,0.01215458,-0.0030672834,False
1660,0,0,6,6,6,6,0.03310322,0.013056669,-0.010023275,False
1661,0,0,0,0,1,10,0.03332117,0.050161466,0.008420149,True
1662,0,0,6,6,6,6,0.020661542,0.015861804,-0.0023998693,False
1663,0,0,0,0,1,10,0.058602687,0.07532225,0.008359781,True
1664,0,0,0,0,1,10,0.013761727,0.0270569,0.006647587,True
1665,0,0,0,0,1,10,0.075950794,0.09332527,0.008687239,True
1666,0,0,0,0,1,10,0.013416199,0.028714279,0.00764904,True
1667,0,0,0,0,1,10,0.013532285,0.018290583,0.0023791492,True
1668,0,0,0,0,6,6,0.017843682,0.021511488,0.0018339027,True
1669,0,0,0,0,1,10,0.0404925,0.05740594,0.00845672,True
1670,0,0,0,0,1,10,0.0425428,0.060102463,0.008779831,True
1671,0,0,0,0,1,10,0.024098236,0.038553424,0.007227594,True
1672,0,0,0,0,1,10,0.05532573,0.07256236,0.008618314,True
1673,0,0,0,0,1,10,0.035118997,0.050771642,0.007826323,True
1674,0,0,1,10,1,10,0.03365732,0.015860552,-0.008898384,False
1675,0,0,0,0,1,10,0.06791169,0.085153386,0.008620847,True
1676,0,0,0,0,1,10,0.014264836,0.02510014,0.005417652,True
1677,10,1,0,0,0,0,0.03135685,0.017679455,-0.006838697,False
1678,0,0,0,0,1,10,0.048933007,0.066634625,0.008850809,True
1679,0,0,0,0,1,10,0.014202467,0.022718415,0.0042579737,True
1680,0,0,0,0,1,10,0.05839514,0.07580853,0.008706696,True
1681,0,0,0,0,1,10,0.05179121,0.068841524,0.008525157,True
1682,0,0,1,10,1,10,0.019027727,0.014661178,-0.0021832744,False
1683,0,0,0,0,1,10,0.029848976,0.04626521,0.008208117,True
1684,0,0,0,0,1,10,0.026658237,0.04394408,0.008642921,True
1685,0,0,0,0,1,10,0.020759532,0.034511298,0.006875883,True
1686,0,0,0,0,1,10,0.017618645,0.019138807,0.0007600812,True
1687,0,0,0,0,1,10,0.047066268,0.06345493,0.008194333,True
1688,10,1,1,10,6,6,0.011691779,0.016691526,0.0024998737,True
1689,0,0,0,0,1,10,0.038149737,0.05382857,0.007839417,True
1690,0,0,0,0,1,10,0.04495714,0.06232201,0.008682435,True
1691,0,0,0,0,1,10,0.06443857,0.08135637,0.008458901,True
1693,0,0,0,0,1,10,0.013662556,0.028911266,0.007624355,True
1694,0,0,0,0,1,10,0.034412485,0.05159687,0.008592192,True
1695,0,0,0,0,1,10,0.025353473,0.04003098,0.007338753,True
1696,0,0,0,0,1,10,0.021053683,0.036973275,0.007959796,True
1697,0,0,0,0,1,10,0.058701687,0.074938394,0.008118354,True
1698,10,1,1,10,6,6,0.008133888,0.017365087,0.0046155993,True
1699,0,0,0,0,1,10,0.035348956,0.05093333,0.007792188,True
1700,0,0,1,10,1,10,0.018279055,0.0068356274,-0.005721714,False
1701,0,0,0,0,1,10,0.06228294,0.079193324,0.008455193,True
1702,0,0,0,0,1,10,0.010113552,0.0142823495,0.0020843986,True
1703,0,0,0,0,1,10,0.034447342,0.049837615,0.0076951366,True
1704,0,0,0,0,1,10,0.016078236,0.03150563,0.007713697,True
1705,0,0,0,0,1,10,0.04760437,0.06440749,0.00840156,True
1706,0,0,1,10,1,10,0.011931776,0.011854019,-3.8878527e-05,False
1707,0,0,0,0,1,10,0.029976957,0.04481596,0.0074195024,True
1708,0,0,0,0,1,10,0.025127713,0.0413574,0.008114845,True
1709,0,0,0,0,1,10,0.055738162,0.07291069,0.008586263,True
1710,0,0,1,10,1,10,0.0148011735,0.009770248,-0.0025154627,False
1711,0,0,0,0,1,10,0.017032864,0.02560006,0.0042835986,True
1712,0,0,0,0,1,10,0.01392616,0.028791547,0.0074326936,True
1713,0,0,0,0,1,10,0.054395087,0.07167487,0.008639891,True
1714,10,1,1,10,0,0,0.009968772,0.015432058,0.0027316432,True
1715,0,0,0,0,1,10,0.028960131,0.04463615,0.007838009,True
1716,0,0,0,0,1,10,0.013594917,0.014788502,0.00059679244,True
1717,0,0,0,0,1,10,0.015886929,0.028732717,0.006422894,True
1718,0,0,1,10,1,10,0.016316753,0.010758028,-0.0027793623,False
1719,0,0,0,0,1,10,0.06970976,0.08673667,0.008513454,True
1720,10,1,0,0,0,0,0.015411076,0.010574209,-0.0024184338,False
1721,0,0,0,0,1,10,0.037128545,0.05258322,0.007727338,True
1722,0,0,0,0,1,10,0.043646663,0.06078107,0.008567203,True
1724,10,1,1,10,6,6,0.012702863,0.02342079,0.0053589637,True
1725,0,0,0,0,1,10,0.024568034,0.038993582,0.007212774,True
1726,0,0,0,0,1,10,0.009320482,0.020503065,0.0055912915,True
1727,0,0,0,0,1,10,0.059823595,0.0771631,0.008669753,True
1728,0,0,1,10,1,10,0.03578671,0.019012507,-0.008387102,False
1729,0,0,0,0,1,10,0.04055127,0.056153018,0.0078008734,True
1730,0,0,1,10,1,10,0.031176718,0.015058626,-0.008059045,False
1731,0,0,0,0,1,10,0.033620637,0.048863735,0.007621549,True
1732,10,1,1,10,0,0,0.012515114,0.016226018,0.0018554521,True
1733,0,0,0,0,1,10,0.014054892,0.019602822,0.0027739652,True
1734,0,0,0,0,1,10,0.055381197,0.072754145,0.008686474,True
1735,0,0,0,0,1,10,0.060000125,0.07634496,0.008172417,True
1736,0,0,0,0,1,10,0.015794167,0.028137246,0.0061715394,True
1737,0,0,0,0,1,10,0.08085689,0.09798028,0.008561697,True
1738,0,0,0,0,1,10,0.032154668,0.049748436,0.008796884,True
1739,0,0,1,10,1,10,0.014662502,0.0073320447,-0.0036652288,False
1740,0,0,0,0,1,10,0.014643926,0.027576167,0.0064661205,True
1741,0,0,0,0,1,10,0.030797275,0.046140045,0.007671385,True
1742,0,0,0,0,1,10,0.057230547,0.07448899,0.0086292215,True
1743,0,0,0,0,1,10,0.07365259,0.09063399,0.0084907,True
1744,0,0,0,0,1,10,0.009819754,0.017429784,0.0038050148,True
1745,0,0,0,0,1,10,0.030577775,0.04590514,0.007663682,True
1746,0,0,0,0,1,10,0.012104842,0.022973752,0.005434455,True
1747,0,0,0,0,1,10,0.016754748,0.029821552,0.006533402,True
1748,0,0,0,0,1,10,0.015925696,0.02903752,0.006555912,True
1749,0,0,0,0,1,10,0.044554714,0.0610435,0.008244393,True
1750,0,0,5,3,5,3,0.07182396,0.012875823,-0.029474068,False
1751,0,0,0,0,1,10,0.02806227,0.04122739,0.00658256,True
1752,0,0,5,3,5,3,0.071067594,0.0130617935,-0.029002901,False
1753,10,1,0,0,0,0,0.049007524,0.034064706,-0.0074714087,False
1754,0,0,6,6,6,6,0.048251893,0.024561593,-0.01184515,False
1755,0,0,0,0,1,10,0.067445785,0.08473737,0.008645792,True
1756,10,1,5,3,5,3,0.06462224,0.018288078,-0.023167081,False
1757,0,0,0,0,1,10,0.051216558,0.0667911,0.0077872723,True
1758,10,1,6,6,6,6,0.018829158,0.01614788,-0.0013406388,False
1759,10,1,0,0,0,0,0.056256235,0.039809994,-0.00822312,False
1760,0,0,5,3,5,3,0.058265723,0.01564414,-0.021310791,False
1761,0,0,0,0,1,10,0.036126494,0.052265543,0.008069525,True
1762,0,0,6,6,6,6,0.025329921,0.013844512,-0.0057427045,False
1763,0,0,0,0,1,10,0.03855013,0.053978983,0.007714426,True
1764,0,0,5,3,5,3,0.056336585,0.019778829,-0.018278878,False
1765,0,0,0,0,1,10,0.05145606,0.068312734,0.008428337,True
1766,0,0,0,0,6,6,0.0188513,0.022925239,0.0020369692,True
1767,0,0,0,0,1,10,0.04484224,0.06211224,0.008634999,True
1768,0,0,5,3,5,3,0.1317712,0.062236503,-0.034767352,False
1769,10,1,5,3,5,3,0.036380984,0.02493042,-0.0057252822,False
1770,8,2,2,8,4,4,0.16567986,0.22105335,0.027686745,True
1771,8,2,2,8,4,4,0.3492683,0.4128751,0.0318034,True
1772,4,4,4,4,2,8,0.027229061,0.06498104,0.01887599,True
1773,0,0,0,0,1,10,0.050888997,0.067340635,0.008225819,True
1774,0,0,6,6,6,6,0.03376023,0.015267382,-0.009246424,False
1775,0,0,0,0,1,10,0.05191433,0.06805659,0.00807113,True
1776,0,0,6,6,6,6,0.02607078,0.011209005,-0.0074308873,False
1777,0,0,0,0,1,10,0.08059705,0.09747847,0.008440711,True
1778,10,1,1,10,6,6,0.010606574,0.013753085,0.0015732558,True
1779,0,0,0,0,1,10,0.022484582,0.03611004,0.006812729,True
1780,0,0,6,6,6,6,0.046357412,0.02301475,-0.011671331,False
1781,4,4,2,8,2,8,0.043147583,0.03117308,-0.005987251,False
1782,9,3,4,4,4,4,0.39331785,0.13289002,-0.13021392,False
1783,0,0,0,0,1,10,0.083922036,0.100918256,0.00849811,True
1784,0,0,5,3,5,3,0.055368517,0.018955106,-0.018206704,False
1785,0,0,1,10,1,10,0.014761859,0.012391038,-0.0011854102,False
1786,0,0,0,0,1,10,0.021376686,0.03902575,0.008824532,True
1787,0,0,0,0,1,10,0.08443319,0.10119589,0.008381348,True
1788,0,0,6,6,6,6,0.029445466,0.010597598,-0.009423934,False
1789,0,0,0,0,1,10,0.05277594,0.0698658,0.008544929,True
1790,0,0,5,3,5,3,0.06119577,0.015959037,-0.022618365,False
1791,0,0,0,0,1,10,0.07613908,0.09241645,0.008138686,True
1792,0,0,0,0,6,6,0.020424217,0.025478095,0.002526939,True
1793,0,0,0,0,1,10,0.018411985,0.034364723,0.007976369,True
1794,0,0,6,6,6,6,0.025972266,0.007828815,-0.009071725,False
1795,0,0,0,0,1,10,0.054502558,0.07046043,0.007978937,True
1796,10,1,5,3,5,3,0.03837516,0.02455304,-0.006911061,False
1797,0,0,0,0,1,10,0.028296668,0.044809084,0.008256208,True
1798,0,0,6,6,6,6,0.046402667,0.0224508,-0.011975934,False
1799,0,0,0,0,1,10,0.05305734,0.0699466,0.0084446315,True
1800,0,0,6,6,6,6,0.032462798,0.012143038,-0.01015988,False
1801,0,0,0,0,1,10,0.06723868,0.08458623,0.008673776,True
1802,0,0,0,0,1,10,0.010972628,0.01709904,0.0030632056,True
1803,0,0,0,0,1,10,0.038803894,0.054826975,0.00801154,True
1804,10,1,5,3,5,3,0.050527968,0.017637381,-0.016445294,False
1805,10,1,1,10,0,0,0.015915828,0.023963895,0.0040240334,True
1806,0,0,0,0,6,6,0.022732954,0.027522858,0.0023949519,True
1807,10,1,0,0,0,0,0.078604504,0.06266155,-0.007971477,False
1808,0,0,0,0,1,10,0.009529565,0.018832449,0.0046514417,True
1809,0,0,0,0,1,10,0.07006431,0.08677986,0.0083577745,True
1810,10,1,6,6,6,6,0.02702023,0.021112943,-0.002953644,False
1811,10,1,1,10,6,6,0.018271038,0.023730418,0.0027296897,True
1812,0,0,5,3,5,3,0.08157203,0.015933461,-0.032819286,False
1813,0,0,0,0,1,10,0.021992413,0.038781475,0.008394531,True
1814,0,0,6,6,6,6,0.025818039,0.015525228,-0.005146405,False
1815,0,0,1,10,1,10,0.034262627,0.019474538,-0.0073940447,False
1816,0,0,5,3,5,3,0.053523064,0.020616543,-0.01645326,False
1817,0,0,0,0,1,10,0.033858966,0.050367773,0.008254403,True
1818,0,0,5,3,5,3,0.06052631,0.022968639,-0.018778836,False
1819,0,0,0,0,1,10,0.013250235,0.0148684215,0.0008090935,True
1820,0,0,5,3,5,3,0.06016811,0.015811196,-0.022178456,False
1821,0,0,0,0,1,10,0.06707544,0.08384193,0.008383244,True
1822,10,1,5,3,5,3,0.03888153,0.018874714,-0.0100034075,False
1823,0,0,0,0,1,10,0.06610259,0.08303586,0.008466635,True
1824,0,0,0,0,1,10,0.018662043,0.03547235,0.008405153,True
1825,10,1,0,0,0,0,0.05679539,0.041704737,-0.007545326,False
1826,0,0,5,3,5,3,0.05173899,0.021936027,-0.014901481,False
1827,0,0,0,0,1,10,0.06558274,0.0819477,0.008182481,True
1828,0,0,6,6,6,6,0.01943808,0.014477478,-0.002480301,False
1829,0,0,0,0,1,10,0.05564401,0.072711684,0.008533837,True
1830,0,0,5,3,5,3,0.067669,0.012314155,-0.02767742,False
1831,0,0,0,0,1,10,0.0348799,0.05144506,0.0082825795,True
1832,0,0,0,0,6,6,0.015183357,0.018472252,0.0016444479,True
1833,0,0,0,0,1,10,0.07212033,0.08908236,0.0084810145,True
1834,0,0,0,0,1,10,0.023518292,0.041194066,0.008837887,True
1835,0,0,1,10,1,10,0.026096432,0.009284191,-0.00840612,False
1836,10,1,5,3,5,3,0.03543804,0.022951668,-0.006243185,False
1837,0,0,0,0,1,10,0.059831236,0.076377265,0.008273015,True
1838,0,0,5,3,5,3,0.05618574,0.019885719,-0.018150011,False
1839,0,0,0,0,1,10,0.06992701,0.08682889,0.00845094,True
1840,0,0,6,6,6,6,0.031702355,0.008860122,-0.011421116,False
1841,10,1,0,0,0,0,0.03761205,0.024898339,-0.006356856,False
1842,0,0,5,3,5,3,0.06208884,0.019967852,-0.021060493,False
1843,0,0,0,0,1,10,0.034459565,0.050164,0.007852217,True
1844,0,0,5,3,5,3,0.07706499,0.013177236,-0.031943876,False
1845,0,0,0,0,1,10,0.05951271,0.0763217,0.008404495,True
1846,0,0,6,6,6,6,0.045762677,0.021763586,-0.011999546,False
1847,10,1,0,0,0,0,0.04731308,0.03253656,-0.00738826,False
1848,0,0,0,0,1,10,0.013209897,0.018885273,0.0028376882,True
1849,10,1,1,10,0,0,0.014902387,0.016529748,0.0008136807,True
1850,0,0,6,6,6,6,0.01882085,0.01394899,-0.00243593,False
1851,0,0,0,0,1,10,0.040520575,0.056734826,0.008107126,True
1852,10,1,5,3,5,3,0.055017896,0.01619506,-0.019411419,False
1853,10,1,1,10,0,0,0.010557966,0.023377733,0.0064098835,True
1854,10,1,5,3,5,3,0.05483477,0.01769237,-0.018571198,False
1855,0,0,0,0,1,10,0.06855873,0.08511001,0.008275639,True
1856,0,0,6,6,6,6,0.021905044,0.011295037,-0.0053050034,False
1857,0,0,0,0,1,10,0.06318317,0.079251744,0.008034285,True
1858,0,0,6,6,6,6,0.027098557,0.009795517,-0.00865152,False
1859,0,0,0,0,1,10,0.057515375,0.074340165,0.008412395,True
1860,10,1,5,3,5,3,0.05196918,0.012310606,-0.019829288,False
1861,0,0,0,0,1,10,0.064695604,0.081643574,0.008473985,True
1862,0,0,0,0,1,10,0.010945431,0.019462837,0.004258703,True
1863,10,1,0,0,0,0,0.022879839,0.017152382,-0.0028637284,False
1864,0,0,1,10,1,10,0.02102392,0.014339656,-0.003342132,False
1865,0,0,0,0,1,10,0.072593376,0.08928972,0.008348171,True
1866,10,1,6,6,6,6,0.023463331,0.018930193,-0.002266569,False
1867,10,1,2,8,2,8,1.639743,0.6263593,-0.5066918,False
1868,10,1,2,8,2,8,1.7015728,0.68420476,-0.50868404,False
1869,10,1,2,8,2,8,1.7401086,0.7251126,-0.507498,False
1870,10,1,2,8,2,8,1.7279283,0.71148854,-0.50821984,False
1871,10,1,2,8,2,8,1.575673,0.5587202,-0.5084764,False
1872,0,0,5,3,5,3,0.07265419,0.017167801,-0.027743194,False
1873,0,0,0,0,1,10,0.058427345,0.07491098,0.008241819,True
1874,0,0,6,6,6,6,0.048068933,0.025066784,-0.011501075,False
1875,0,0,0,0,1,10,0.0156933,0.01756444,0.00093557034,True
1876,0,0,5,3,5,3,0.07156483,0.016573444,-0.027495693,False
1877,0,0,0,0,1,10,0.05921204,0.076061934,0.008424947,True
1878,0,0,0,0,1,10,0.010423162,0.019368727,0.0044727824,True
1879,0,0,0,0,1,10,0.051077142,0.06751917,0.008221015,True
1880,0,0,6,6,6,6,0.039865315,0.01709726,-0.011384027,False
1881,0,0,0,0,1,10,0.014704699,0.025580976,0.0054381387,True
1882,0,0,1,10,1,10,0.015508591,0.013210418,-0.0011490867,False
1883,0,0,0,0,1,10,0.016499013,0.027189044,0.005345016,True
1884,0,0,6,6,6,6,0.03847444,0.01773943,-0.010367505,False
1885,0,0,0,0,1,10,0.055594184,0.07169562,0.008050717,True
1886,10,1,2,8,2,8,1.8847922,0.8668684,-0.5089619,False
1887,0,0,0,0,1,10,0.06672258,0.08283657,0.0080569945,True
1888,10,1,5,3,5,3,0.033660658,0.026069121,-0.0037957681,False
1889,0,0,0,0,1,10,0.06680313,0.08357478,0.008385826,True
1890,0,0,6,6,6,6,0.016317444,0.014364997,-0.0009762235,False
1891,10,1,0,0,0,0,0.048611466,0.03414588,-0.0072327927,False
1892,0,0,5,3,5,3,0.06938917,0.015229314,-0.027079929,False
1893,0,0,0,0,1,10,0.03264147,0.049274348,0.008316439,True
1894,0,0,5,3,5,3,0.056909155,0.020018438,-0.018445358,False
1895,0,0,0,0,1,10,0.032955132,0.0487335,0.007889183,True
1896,0,0,6,6,6,6,0.050440826,0.025847476,-0.012296675,False
1897,0,0,0,0,1,10,0.052532006,0.06953433,0.008501163,True
1898,10,1,5,3,5,3,0.0687028,0.019595623,-0.02455359,False
1899,10,1,1,10,0,0,0.0084727565,0.017734122,0.0046306825,True
1900,10,1,5,3,5,3,0.058635753,0.013494468,-0.022570642,False
1901,3,5,5,3,6,6,0.0092111025,0.0503881,0.020588499,True
1902,3,5,5,3,6,6,0.021433989,0.066907965,0.022736989,True
1903,0,0,1,10,1,10,0.01615455,0.011401704,-0.0023764232,False
1904,10,1,5,3,5,3,0.091251805,0.038236186,-0.02650781,False
1905,0,0,0,0,1,10,0.011338439,0.023091903,0.005876732,True
1906,10,1,5,3,5,3,0.0910964,0.04015048,-0.025472961,False
1907,0,0,0,0,1,10,0.020645937,0.037111744,0.008232904,True
1908,10,1,6,6,6,6,0.030646838,0.023250705,-0.0036980668,False
1909,10,1,0,0,0,0,0.04288075,0.027246976,-0.007816887,False
1910,0,0,5,3,5,3,0.08952195,0.023763316,-0.03287932,False
1911,0,0,0,0,1,10,0.033076696,0.050446328,0.008684816,True
1912,0,0,5,3,5,3,0.064066686,0.013493416,-0.025286635,False
1913,0,0,0,0,1,10,0.021298984,0.03784249,0.008271753,True
1914,0,0,6,6,6,6,0.048529636,0.024058796,-0.01223542,False
1915,0,0,0,0,1,10,0.035172563,0.050828036,0.007827736,True
1916,0,0,6,6,6,6,0.023261,0.0156405,-0.0038102502,False
1917,0,0,1,10,1,10,0.02309312,0.0061902627,-0.008451428,False
1918,0,0,6,6,6,6,0.034951776,0.012761879,-0.011094948,False
1919,0,0,0,0,1,10,0.009890479,0.020033859,0.00507169,True
1920,0,0,6,6,6,6,0.043445174,0.01922242,-0.012111377,False
1921,10,1,0,0,0,0,0.049082063,0.032213815,-0.008434124,False
1922,0,0,0,0,6,6,0.015851114,0.021660483,0.0029046843,True
1923,0,0,0,0,1,10,0.04012945,0.056649722,0.0082601365,True
1924,0,0,5,3,5,3,0.053427774,0.020218428,-0.016604673,False
1925,0,0,0,0,1,10,0.04825739,0.06527951,0.008511063,True
1926,0,0,6,6,6,6,0.040043656,0.01714421,-0.011449723,False
1927,0,0,0,0,1,10,0.06328235,0.08046305,0.008590352,True
1928,0,0,6,6,6,6,0.028912554,0.01017217,-0.009370192,False
1929,0,0,0,0,1,10,0.06660859,0.08357017,0.008480787,True
1930,0,0,5,3,5,3,0.06614572,0.017228946,-0.024458386,False
1931,0,0,0,0,1,10,0.03332824,0.048421804,0.0075467825,True
1932,10,1,5,3,5,3,0.07389695,0.024416674,-0.024740139,False
1933,0,0,0,0,1,10,0.029880615,0.045450903,0.0077851443,True
1934,0,0,5,3,5,3,0.06545943,0.017056363,-0.024201535,False
1935,9,3,0,0,0,0,0.55883545,0.099010125,-0.22991267,False
1936,0,0,5,3,5,3,0.04846882,0.026040459,-0.011214181,False
1937,0,0,0,0,1,10,0.07279779,0.089883454,0.008542832,True
1938,0,0,1,10,1,10,0.022274574,0.012430607,-0.0049219835,False
1939,10,1,0,0,0,0,0.06784831,0.05133665,-0.00825583,False
1940,10,1,5,3,5,3,0.035037596,0.024625408,-0.005206094,False
1941,10,1,1,10,0,0,0.012459109,0.014186142,0.0008635167,True
1942,0,0,6,6,6,6,0.043743037,0.023687385,-0.010027826,False
1943,0,0,0,0,1,10,0.018951148,0.032242283,0.0066455677,True
1944,10,1,6,6,6,6,0.028727109,0.025442362,-0.0016423734,False
1945,10,1,0,0,0,0,0.07253281,0.056408804,-0.008062003,False
1946,0,0,0,0,1,10,0.01067936,0.01779581,0.0035582255,True
1947,0,0,0,0,1,10,0.052516293,0.069237374,0.0083605405,True
1948,0,0,6,6,6,6,0.037753083,0.017688073,-0.010032505,False
1949,10,1,0,0,0,0,0.05952465,0.04336303,-0.00808081,False
1950,10,1,5,3,5,3,0.04064868,0.019841442,-0.010403619,False
1951,0,0,0,0,1,10,0.03852965,0.05419187,0.00783111,True
1952,10,1,5,3,5,3,0.07201975,0.024393609,-0.023813069,False
1953,0,0,0,0,1,10,0.012908888,0.025116706,0.006103909,True
1954,0,0,0,0,1,10,0.015276473,0.03059067,0.0076570986,True
1955,0,0,0,0,1,10,0.060492977,0.07673288,0.008119952,True
1956,0,0,6,6,6,6,0.02951021,0.0122114,-0.008649405,False
1957,0,0,0,0,1,10,0.06492302,0.081180274,0.008128628,True
1958,10,1,5,3,5,3,0.042256415,0.017762767,-0.012246824,False
1959,0,0,0,0,1,10,0.049075212,0.06520853,0.00806666,True
1960,10,1,5,3,5,3,0.063336834,0.02032458,-0.021506127,False
1961,0,0,0,0,1,10,0.02715815,0.04290025,0.007871049,True
1962,0,0,6,6,6,6,0.027355276,0.009619608,-0.008867834,False
1963,10,1,1,10,0,0,0.0121364705,0.021195697,0.004529613,True
1964,10,1,5,3,5,3,0.04210283,0.018500345,-0.011801242,False
1965,0,0,0,0,1,10,0.05853507,0.07513612,0.008300524,True
1966,0,0,6,6,6,6,0.019556299,0.015029736,-0.0022632815,False
1967,10,1,0,0,0,0,0.065808214,0.049250707,-0.008278754,False
1968,10,1,6,6,6,6,0.027395597,0.023856428,-0.0017695846,False
1969,10,1,1,10,0,0,0.0049303886,0.017544642,0.006307127,True
1970,0,0,6,6,6,6,0.033464935,0.011048625,-0.011208154,False
1971,0,0,0,0,1,10,0.03323901,0.0497122,0.0082365945,True
1973,10,1,0,0,0,0,0.06552304,0.050153814,-0.0076846145,False
1974,0,0,6,6,6,6,0.0420565,0.019750066,-0.011153217,False
1975,0,0,0,0,1,10,0.053644855,0.070514984,0.008435065,True
1976,10,1,1,10,6,6,0.020324096,0.021048576,0.00036223978,True
1977,0,0,0,0,1,10,0.053373303,0.06987626,0.008251479,True
1978,0,0,6,6,6,6,0.04971723,0.025616992,-0.012050118,False
1979,0,0,0,0,1,10,0.045079947,0.06109883,0.008009441,True
1980,0,0,0,0,1,10,0.013084657,0.027032735,0.006974039,True
1981,0,0,0,0,1,10,0.049582005,0.06600307,0.008210532,True
1982,0,0,6,6,6,6,0.03557959,0.015357124,-0.010111232,False
1983,0,0,0,0,1,10,0.040651757,0.05657483,0.007961536,True
1984,10,1,0,0,0,0,0.011577478,0.011203885,-0.0001867963,False
1985,10,1,0,0,0,0,0.06182205,0.04600619,-0.007907929,False
1986,10,1,6,6,6,6,0.019935723,0.016497314,-0.0017192047,False
1987,10,1,0,0,0,0,0.04851977,0.03374656,-0.007386606,False
1988,0,0,0,0,1,10,0.016225295,0.033499002,0.008636854,True
1989,0,0,0,0,1,10,0.028076302,0.044583477,0.008253587,True
1990,0,0,6,6,6,6,0.04331044,0.020472059,-0.011419191,False
1992,10,1,1,10,6,6,0.01613791,0.017168602,0.0005153464,True
1993,0,0,0,0,1,10,0.07867563,0.09523459,0.00827948,True
1994,0,0,5,3,5,3,0.04793714,0.024915,-0.01151107,False
1995,0,0,0,0,1,10,0.075543165,0.0922677,0.008362267,True
1996,0,0,5,3,5,3,0.061398756,0.017734164,-0.021832295,False
1997,0,0,0,0,1,10,0.04250855,0.059668154,0.008579802,True
1998,0,0,5,3,5,3,0.061274003,0.016258618,-0.022507694,False
1999,0,0,0,0,1,10,0.055703104,0.072525345,0.008411121,True
2000,10,1,5,3,5,3,0.044711005,0.018164469,-0.013273268,False
2001,0,0,1,10,1,10,0.028150309,0.011952379,-0.0080989655,False
2002,0,0,5,3,5,3,0.060935754,0.02129138,-0.019822188,False
2003,0,0,0,0,1,10,0.058744498,0.075468406,0.008361954,True
2004,10,1,5,3,5,3,0.052009016,0.017562067,-0.017223474,False
2005,0,0,0,0,1,10,0.02826427,0.04464413,0.00818993,True
2006,0,0,6,6,6,6,0.03223645,0.011480481,-0.0103779845,False
2007,0,0,0,0,1,10,0.059353996,0.07616376,0.008404883,True
2008,0,0,5,3,5,3,0.05904724,0.01665847,-0.021194385,False
2009,0,0,0,0,1,10,0.06317487,0.08006718,0.008446153,True
2010,0,0,5,3,5,3,0.074712425,0.012880904,-0.030915761,False
2011,0,0,0,0,1,10,0.035299674,0.052138925,0.008419625,True
2012,0,0,6,6,6,6,0.03288105,0.010645187,-0.011117931,False
2013,10,1,0,0,0,0,0.03775126,0.023352863,-0.007199199,False
2014,0,0,6,6,6,6,0.0462309,0.023345841,-0.01144253,False
2015,0,0,0,0,1,10,0.050603885,0.06710578,0.008250946,True
2016,0,0,6,6,6,6,0.040038045,0.018044852,-0.010996597,False
2017,10,1,1,10,0,0,0.015351961,0.017115582,0.0008818102,True
2018,0,0,5,3,5,3,0.062674224,0.017016195,-0.022829015,False
2019,0,0,0,0,1,10,0.049193457,0.06470141,0.0077539757,True
2020,0,0,0,0,1,10,0.022311242,0.039648235,0.008668496,True
2021,0,0,0,0,1,10,0.07788793,0.09476318,0.008437626,True
2022,0,0,6,6,6,6,0.036343623,0.018719219,-0.008812202,False
2023,10,1,0,0,0,0,0.05886616,0.043897286,-0.007484438,False
2024,0,0,6,6,6,6,0.021154335,0.012939068,-0.0041076336,False
2025,0,0,0,0,1,10,0.075021066,0.09221762,0.0085982755,True
2026,10,1,5,3,5,3,0.054118115,0.014464811,-0.019826652,False
2027,0,0,0,0,1,10,0.08484594,0.10193736,0.008545712,True
2028,0,0,0,0,1,10,0.009264129,0.022056444,0.006396157,True
2029,0,0,0,0,1,10,0.062084913,0.0793232,0.008619145,True
2030,0,0,5,3,5,3,0.055199075,0.021193033,-0.017003022,False
2031,0,0,0,0,1,10,0.06276826,0.07936185,0.008296795,True
2032,0,0,0,0,1,10,0.010559432,0.02288998,0.0061652735,True
2033,0,0,0,0,1,10,0.060686488,0.07686747,0.0080904905,True
2034,10,1,5,3,5,3,0.038928602,0.020116078,-0.009406262,False
2035,0,0,5,3,5,3,0.09098541,0.023108322,-0.033938542,False
2036,0,0,5,3,5,3,0.05567412,0.021528773,-0.017072674,False
2037,0,0,5,3,5,3,0.055497658,0.024085315,-0.01570617,False
2038,0,0,5,3,5,3,0.082602896,0.020480553,-0.031061172,False
2039,10,1,5,3,5,3,0.05705112,0.015902424,-0.020574346,False
2040,0,0,5,3,5,3,0.08799892,0.023440825,-0.032279048,False
2041,10,1,5,3,5,3,0.10111446,0.04905448,-0.02602999,False
2042,0,0,5,3,5,3,0.082529664,0.021732345,-0.03039866,False
2043,0,0,5,3,5,3,0.05405608,0.019777337,-0.017139371,False
2044,0,0,5,3,5,3,0.09311198,0.02527839,-0.033916794,False
2045,10,1,5,3,5,3,0.09986082,0.047310933,-0.026274942,False
2046,0,0,5,3,5,3,0.083488874,0.02012657,-0.03168115,False
2047,0,0,5,3,5,3,0.05418195,0.02696218,-0.013609884,False
2048,0,0,5,3,5,3,0.07153883,0.017625606,-0.02695661,False
2049,0,0,6,6,6,6,0.044298634,0.02022556,-0.012036537,False
2050,0,0,6,6,6,6,0.025160111,0.012886652,-0.00613673,False
2051,0,0,5,3,5,3,0.14291257,0.07498618,-0.033963192,False
2052,0,0,5,3,5,3,0.08170041,0.019573199,-0.031063605,False
2053,0,0,5,3,5,3,0.0792857,0.016206263,-0.03153972,False
2054,10,1,5,3,5,3,0.07273207,0.022622874,-0.025054596,False
2055,10,1,5,3,5,3,0.088784926,0.03640683,-0.026189048,False
2056,10,1,5,3,5,3,0.10746218,0.05428596,-0.026588112,False
2057,4,4,2,8,2,8,0.19231212,0.14098805,-0.025662035,False
2058,9,3,2,8,2,8,0.79233676,0.21483934,-0.2887487,False
2059,0,0,5,3,5,3,0.09856485,0.029457321,-0.034553763,False
2060,0,0,5,3,5,3,0.059673052,0.021776393,-0.01894833,False
2061,0,0,6,6,6,6,0.04083756,0.016268916,-0.012284322,False
2062,10,1,5,3,5,3,0.08179001,0.03092202,-0.025433995,False
2063,0,0,6,6,6,6,0.03495207,0.012707243,-0.011122414,False
2064,0,0,5,3,5,3,0.08381848,0.018731406,-0.032543536,False
2065,10,1,5,3,5,3,0.07267634,0.022597862,-0.025039237,False
2066,6,6,5,3,5,3,0.08435237,0.039326835,-0.022512766,False
2067,9,3,2,8,2,8,0.6598153,0.08197,-0.28892267,False
2068,4,4,4,4,2,8,0.020844255,0.07381532,0.026485534,True
2069,1,7,5,3,5,3,0.13850924,0.053335696,-0.042586774,False
2070,10,1,5,3,5,3,0.049011037,0.01540598,-0.016802529,False
2071,0,0,6,6,6,6,0.03481627,0.011517359,-0.011649455,False
2072,10,1,5,3,5,3,0.048710737,0.015110237,-0.01680025,False
2073,0,0,5,3,5,3,0.06509135,0.014248008,-0.025421672,False
2074,10,1,5,3,5,3,0.05728583,0.0121462755,-0.022569777,False
2075,10,1,5,3,5,3,0.038646504,0.025534706,-0.006555899,False
2076,0,0,5,3,5,3,0.07092194,0.012242556,-0.029339693,False
2077,10,1,5,3,5,3,0.0488361,0.013935552,-0.017450275,False
2078,10,1,5,3,5,3,0.06389154,0.016922144,-0.023484696,False
2079,10,1,5,3,5,3,0.089177065,0.037299987,-0.025938539,False
2080,0,0,6,6,6,6,0.017521668,0.0116652055,-0.0029282314,False
2081,0,0,5,3,5,3,0.06932183,0.01962604,-0.024847897,False
2082,0,0,5,3,5,3,0.09702993,0.030018732,-0.0335056,False
2083,0,0,5,3,5,3,0.08503896,0.020739133,-0.032149915,False
2084,0,0,5,3,5,3,0.08206209,0.02398687,-0.02903761,False
2085,0,0,5,3,5,3,0.05622019,0.026440624,-0.014889782,False
2086,0,0,5,3,5,3,0.09967672,0.03188483,-0.033895947,False
2087,10,1,5,3,5,3,0.068972275,0.017894786,-0.025538744,False
2088,0,0,5,3,5,3,0.063246235,0.017407812,-0.022919212,False
2089,0,0,5,3,5,3,0.073862396,0.0182429,-0.027809748,False
2090,0,0,5,3,5,3,0.09674591,0.030826593,-0.03295966,False
2091,10,1,5,3,5,3,0.0993836,0.04764853,-0.025867535,False
2092,0,0,5,3,5,3,0.13557003,0.0685608,-0.033504616,False
2093,0,0,5,3,5,3,0.085872285,0.018877525,-0.03349738,False
2094,0,0,5,3,5,3,0.055441253,0.02259634,-0.016422456,False
2095,0,0,5,3,5,3,0.12389232,0.057232026,-0.03333015,False
2096,0,0,5,3,5,3,0.095197864,0.030180698,-0.032508582,False
2097,0,0,5,3,5,3,0.086746424,0.022608813,-0.032068804,False
2098,0,0,5,3,5,3,0.13112268,0.0639974,-0.033562638,False
2099,0,0,5,3,5,3,0.10795801,0.04210706,-0.032925475,False
2100,10,1,5,3,5,3,0.11476801,0.06320021,-0.0257839,False
2101,0,0,5,3,5,3,0.05788999,0.018404316,-0.019742837,False
2102,10,1,5,3,5,3,0.07415912,0.024188593,-0.024985265,False
2103,0,0,6,6,6,6,0.0440988,0.021285849,-0.011406475,False
2104,0,0,5,3,5,3,0.060858168,0.016975384,-0.021941392,False
2105,10,1,5,3,5,3,0.095656656,0.043467596,-0.02609453,False
2106,0,0,5,3,5,3,0.08584862,0.021561686,-0.032143466,False
2107,0,0,5,3,5,3,0.073991485,0.02072706,-0.026632212,False
2108,9,3,0,0,0,0,0.47050878,0.037624754,-0.21644202,False
2109,10,1,5,3,5,3,0.06973081,0.01859533,-0.02556774,False
2110,10,1,5,3,5,3,0.05888126,0.013975413,-0.022452924,False
2111,0,0,5,3,5,3,0.05509373,0.02074995,-0.01717189,False
2112,0,0,6,6,6,6,0.0431463,0.019050112,-0.0120480945,False
2113,10,1,2,8,2,8,1.9791144,0.9611955,-0.5089594,False
2114,10,1,2,8,2,8,1.9189984,0.9021155,-0.50844145,False
2115,10,1,2,8,2,8,2.009208,0.9920405,-0.5085837,False
2116,10,1,2,8,2,8,1.884855,0.8667916,-0.5090317,False
2117,0,0,5,3,5,3,0.07402558,0.015102564,-0.029461507,False
2118,0,0,5,3,5,3,0.07777407,0.016363502,-0.030705284,False
2119,0,0,5,3,5,3,0.07279389,0.017020924,-0.027886484,False
2120,0,0,5,3,5,3,0.0632528,0.01916739,-0.022042705,False
2121,10,1,5,3,5,3,0.05722213,0.014955924,-0.021133104,False
2122,0,0,5,3,5,3,0.050464075,0.024754725,-0.012854675,False
2123,0,0,5,3,5,3,0.07751908,0.018533979,-0.029492551,False
2124,0,0,5,3,5,3,0.07977299,0.018383965,-0.03069451,False
2125,0,0,5,3,5,3,0.077660665,0.01819712,-0.029731773,False
2126,9,3,0,0,0,0,0.47619635,0.03985351,-0.21817142,False
2127,0,0,6,6,6,6,0.04215538,0.018435452,-0.011859965,False
2128,0,0,5,3,5,3,0.09719,0.029813625,-0.033688188,False
2129,0,0,5,3,5,3,0.08180262,0.015789893,-0.033006363,False
2130,10,1,5,3,5,3,0.081223324,0.030270202,-0.02547656,False
2131,0,0,5,3,5,3,0.059752136,0.019952754,-0.019899692,False
2132,10,1,6,6,6,6,0.02805106,0.017810911,-0.0051200744,False
2133,0,0,5,3,5,3,0.08454375,0.018548751,-0.0329975,False
2134,10,1,5,3,5,3,0.14219171,0.08891683,-0.026637439,False
2135,10,1,5,3,5,3,0.11913099,0.06548045,-0.026825272,False
2136,10,1,5,3,5,3,0.09892542,0.04717083,-0.025877295,False
2137,0,0,5,3,5,3,0.09011537,0.02333564,-0.033389866,False
2138,0,0,6,6,6,6,0.039538648,0.014834471,-0.0123520885,False
2139,0,0,5,3,5,3,0.0890872,0.021982362,-0.03355242,False
2140,0,0,5,3,5,3,0.082763426,0.017940067,-0.03241168,False
2141,10,1,5,3,5,3,0.07414252,0.024266254,-0.024938134,False
2142,10,1,5,3,5,3,0.07835074,0.028194278,-0.02507823,False
2143,10,1,5,3,5,3,0.09219306,0.03964097,-0.026276045,False
2144,0,0,6,6,6,6,0.04113297,0.01708111,-0.012025931,False
2145,10,1,5,3,5,3,0.05722853,0.01365047,-0.021789031,False
2146,0,0,5,3,5,3,0.07345428,0.014801434,-0.029326424,False
2147,0,0,5,3,5,3,0.060979497,0.02168022,-0.01964964,False
2148,0,0,6,6,6,6,0.041174334,0.0174121,-0.011881117,False
2149,0,0,5,3,5,3,0.079680935,0.0228643,-0.028408317,False
2150,0,0,5,3,5,3,0.12840359,0.059926048,-0.03423877,False
2151,10,1,5,3,5,3,0.07849936,0.027685573,-0.025406893,False
2152,0,0,5,3,5,3,0.05350088,0.027975684,-0.012762598,False
2153,0,0,6,6,6,6,0.04713342,0.023085065,-0.012024177,False
2154,0,0,5,3,5,3,0.068377785,0.012720706,-0.02782854,False
2155,0,0,5,3,5,3,0.07440856,0.01577556,-0.0293165,False
2156,0,0,5,3,5,3,0.0828249,0.018280528,-0.032272186,False
2157,0,0,6,6,6,6,0.048530675,0.024359675,-0.0120855,False
2158,0,0,5,3,5,3,0.08970872,0.025807314,-0.031950705,False
2159,0,0,6,6,6,6,0.049034696,0.024620246,-0.012207225,False
2160,0,0,6,6,6,6,0.019396532,0.016178878,-0.0016088272,False
2161,0,0,5,3,5,3,0.051294245,0.024883708,-0.013205268,False
2162,10,1,5,3,5,3,0.048030052,0.013892455,-0.0170688,False
2163,9,3,5,3,5,3,0.3551449,0.048201203,-0.15347184,False
2164,0,0,5,3,5,3,0.05559313,0.021051848,-0.01727064,False
2165,0,0,5,3,5,3,0.056313746,0.027408272,-0.014452737,False
2166,10,1,6,6,6,6,0.019654965,0.013374585,-0.0031401902,False
2167,0,0,5,3,5,3,0.06238469,0.018832337,-0.021776177,False
2168,0,0,6,6,6,6,0.046031684,0.021192964,-0.01241936,False
2169,10,1,5,3,5,3,0.06701752,0.021833828,-0.022591844,False
2170,0,0,6,6,6,6,0.0348498,0.015529467,-0.009660167,False
2171,0,0,5,3,5,3,0.08435272,0.020016234,-0.03216824,False
2172,10,1,5,3,5,3,0.05649417,0.010703817,-0.022895176,False
2173,10,1,5,3,5,3,0.03743701,0.021729752,-0.007853629,False
2174,0,0,5,3,5,3,0.085958816,0.021716963,-0.03212093,False
2175,0,0,5,3,5,3,0.057357963,0.023539277,-0.016909342,False
2176,0,0,5,3,5,3,0.06558635,0.01261498,-0.026485685,False
2177,0,0,5,3,5,3,0.055787914,0.022530021,-0.016628947,False
2178,0,0,0,0,6,6,0.015343403,0.021509657,0.0030831266,True
2179,10,1,5,3,5,3,0.054744232,0.017672151,-0.01853604,False
2180,0,0,6,6,6,6,0.02061673,0.011092796,-0.0047619673,False
2181,0,0,6,6,6,6,0.02061673,0.011092796,-0.0047619673,False
2182,0,0,5,3,5,3,0.055887956,0.020959042,-0.017464457,False
2183,10,1,6,6,6,6,0.0333937,0.026631,-0.00338135,False
2184,10,1,5,3,5,3,0.057483837,0.018769685,-0.019357076,False
2185,0,0,6,6,6,6,0.021674015,0.014943486,-0.0033652643,False
2186,10,1,5,3,5,3,0.056883533,0.014223219,-0.021330157,False
2187,0,0,5,3,5,3,0.05896712,0.0207655,-0.019100811,False
2188,0,0,6,6,6,6,0.035139076,0.015398128,-0.009870474,False
2189,0,0,6,6,6,6,0.021919224,0.016729511,-0.0025948565,False
2190,10,1,5,3,5,3,0.05092824,0.012124958,-0.01940164,False
2191,10,1,6,6,6,6,0.027770774,0.022671118,-0.002549828,False
2192,9,3,5,3,5,3,0.3538092,0.047041338,-0.15338394,False
2193,0,0,6,6,6,6,0.046255272,0.021666998,-0.012294137,False
2194,0,0,5,3,5,3,0.06330552,0.016858017,-0.02322375,False
2195,10,1,5,3,5,3,0.0453733,0.020468954,-0.012452172,False
2197,0,0,6,6,6,6,0.047314815,0.022537595,-0.01238861,False
2198,10,1,5,3,5,3,0.050110098,0.019680269,-0.015214914,False
2199,10,1,5,3,5,3,0.092529275,0.042170644,-0.025179315,False
2200,10,1,5,3,5,3,0.050611634,0.012121366,-0.019245133,False
2201,10,1,5,3,5,3,0.047860503,0.01862716,-0.014616672,False
2202,0,0,6,6,6,6,0.031996477,0.009303771,-0.011346353,False
2203,10,1,5,3,5,3,0.062277857,0.016899405,-0.022689227,False
2204,0,0,6,6,6,6,0.03144914,0.008938319,-0.01125541,False
2205,0,0,5,3,5,3,0.062169228,0.018103609,-0.022032809,False
2206,10,1,5,3,5,3,0.075084455,0.02548649,-0.024798982,False
2207,0,0,0,0,1,10,0.020592848,0.036135506,0.007771329,True
2208,0,0,5,3,5,3,0.065642275,0.013974028,-0.025834125,False
2209,10,1,1,10,6,6,0.018245906,0.01966076,0.00070742704,True
2210,0,0,5,3,5,3,0.0562232,0.021210447,-0.017506376,False
2211,10,1,6,6,6,6,0.02944926,0.022127077,-0.0036610914,False
2212,0,0,5,3,5,3,0.0882796,0.023039589,-0.032620005,False
2213,0,0,5,3,5,3,0.050973274,0.024351215,-0.013311029,False
2214,0,0,5,3,5,3,0.06830957,0.014493002,-0.026908282,False
